smiles,y,original_smiles,scaffold,n_heavy
BrC(Br)Br,0.4351322743940418,C(Br)(Br)Br,,4
BrCBr,0.4793475829189663,C(Br)Br,,3
BrCCBr,0.3831142643647188,C(CBr)Br,,4
BrCc1ccccc1,0.3701097618573882,c1ccc(cc1)CBr,c1ccccc1,8
Brc1ccc(Br)cc1,0.3909169658691174,c1cc(ccc1Br)Br,c1ccccc1,8
Brc1ccccc1,0.6093926079922737,c1ccc(cc1)Br,c1ccccc1,7
C,1.5093041814995602,C,,1
C#CC,0.864280857135956,CC#C,,3
C#CCC,0.9475096731828728,CCC#C,,4
C#CCCC,0.9917249817077972,CCCC#C,,5
C#CCCCC,1.0645501957488492,CCCCC#C,,6
C#CCCCCC,1.1451781112943,CCCCCC#C,,7
C#CCCCCCC,1.1737880168104275,CCCCCCC#C,,8
C/C=C/C=O,-0.1084559304123828,C/C=C/C=O,,5
C/C=C/CCCC,1.426075365452644,CCCC/C=C/C,,7
C/C=C\CC,1.3298420468983962,CC/C=C\C,,5
C1=CC=CCC=C1,0.7316349315611826,C1C=CC=CC=C1,C1=CC=CCC=C1,7
C1=CCCC1,1.1347745092884354,C1CC=CC1,C1=CCCC1,5
C1=CCCCC1,1.0255366882268573,C1CCC=CC1,C1=CCCCC1,6
C1CC1,1.184191618816292,C1CC1,C1CC1,3
C1CCCC1,1.3012321413822687,C1CCCC1,C1CCCC1,5
C1CCCCC1,1.3090348428866672,C1CCCCC1,C1CCCCC1,6
C1CCNC1,-0.4361693935971175,C1CCNC1,C1CCNC1,5
C1CCNCC1,-0.33993607504287,C1CCNCC1,C1CCNCC1,6
C1CCOC1,0.0866116071975781,C1CCOC1,C1CCOC1,5
C1CCOCC1,0.1776431247488932,C1CCOCC1,C1CCOCC1,6
C1CNC1,-0.4569765976088464,C1CNC1,C1CNC1,4
C1CNCCN1,-0.9355422898786176,C1CNCCN1,C1CNCCN1,6
C1COCCN1,-0.8757215783448962,C1COCCN1,C1COCCN1,6
C1COCCO1,-0.3269315725355391,C1COCCO1,C1COCCO1,6
C=C,1.3220393453939978,C=C,,2
C=C(C)C,1.290828539376404,CC(=C)C,,4
C=C(C)C(=C)C,1.093160101264977,CC(=C)C(=C)C,,6
C=C(C)CCC,1.3714564549218546,CCCC(=C)C,,6
C=C(C)[C@@H]1CC=C(C)[C@@H](O)C1,-0.1656757414446382,CC1=CC[C@H](C[C@@H]1O)C(=C)C,C1=CCCCC1,11
C=C(C)[C@@H]1CC=C(C=O)CC1,-0.0746442238933229,CC(=C)[C@H]1CCC(=CC1)C=O,C1=CCCCC1,11
C=C(C)[C@@H]1CC[C@@H](C)C(=O)C1,0.013786393156526,C[C@@H]1CC[C@H](CC1=O)C(=C)C,O=C1CCCCC1,11
C=C(C)c1ccccc1,0.666612419024529,CC(=C)c1ccccc1,c1ccccc1,9
C=C(Cl)Cl,1.0541465937429846,C=C(Cl)Cl,,4
C=C(c1ccccc1)c1ccccc1,0.2660737417987423,C=C(c1ccccc1)c2ccccc2,C=C(c1ccccc1)c1ccccc1,14
C=CC,1.3324429473998625,CC=C,,3
C=CC(=C)C,1.1659853153060291,CC(=C)C=C,,5
C=CC(C)C,1.465088872974636,CC(C)C=C,,5
C=CC=C,1.1347745092884354,C=CC=C,,4
C=CCC,1.3480483504086591,CCC=C,,4
C=CCC=C,1.2310078278426828,C=CCC=C,,5
C=CCCC,1.426075365452644,CCCC=C,,5
C=CCCC=C,1.251815031854412,C=CCCC=C,,6
C=CCCCC,1.4000663604379822,CCCCC=C,,6
C=CCCCCC,1.4208735644497117,CCCCCC=C,,7
C=CCCCCCC,1.4884969774878312,CCCCCCC=C,,8
C=CCCCCCCC,1.5249095845083571,CCCCCCCC=C,,9
C=CCCl,0.8408727526227607,C=CCCl,,4
C=CCO,-0.3191288710311408,C=CCO,,4
C=CCl,0.8356709516198285,C=CCl,,3
C=C[C@@](C)(CCC=C(C)C)OC(C)=O,0.3414998563412604,CC(=CCC[C@](C)(C=C)OC(=O)C)C,,14
C=Cc1ccccc1,0.666612419024529,C=Cc1ccccc1,c1ccccc1,8
C=O,0.2738764433031407,C=O,,2
CBr,0.7758502400861071,CBr,,2
CC,1.465088872974636,CC,,2
CC#N,-0.0200253133625338,CC#N,,3
CC(=O)C(C)(C)C,0.1802440252503594,CC(=O)C(C)(C)C,,7
CC(=O)C(C)C,0.1464323187312994,CC(C)C(=O)C,,6
CC(=O)C1CC1,-0.2098910499695626,CC(=O)C1CC1,C1CC1,6
CC(=O)C1CCCCC1,-0.0252271143654661,CC(=O)C1CCCCC1,C1CCCCC1,9
CC(=O)CC(C)C,0.1958494282591563,CC(C)CC(=O)C,,7
CC(=O)CO[N+](=O)[O-],-0.5688153191718909,CC(=O)CO[N+](=O)[O-],,8
CC(=O)N1CCCC1,-1.559758410230493,CC(=O)N1CCCC1,C1CCNC1,8
CC(=O)O,-0.7508783542745212,CC(=O)O,,4
CC(=O)OC(C)C,0.3024863488192683,CC(C)OC(=O)C,,7
CC(=O)OC(C)OC(C)=O,-0.3035234680223438,CC(OC(=O)C)OC(=O)C,,10
CC(=O)OCC(C)C,0.3753115628603204,CC(C)COC(=O)C,,8
CC(=O)OCC(COC(C)=O)OC(C)=O,-1.3100719620897427,CC(=O)OCC(COC(=O)C)OC(=O)C,,15
CC(=O)OCCC(C)C,0.4143250703823126,CC(C)CCOC(=O)C,,9
CC(=O)OCCOC(C)=O,-0.659846836723206,CC(=O)OCCOC(=O)C,,10
CC(=O)Oc1ccccc1C(=O)O,-1.5961710172510188,CC(=O)Oc1ccccc1C(=O)O,c1ccccc1,13
CC(=O)c1ccc(C)cc1,-0.2332991544827579,Cc1ccc(cc1)C(=O)C,c1ccccc1,10
CC(=O)c1ccccc1,-0.2020883484651641,CC(=O)c1ccccc1,c1ccccc1,9
CC(=O)c1cccnc1,-1.1592197330047065,CC(=O)c1cccnc1,c1ccncc1,9
CC(=O)c1ccncc1,-0.9927621009108728,CC(=O)c1ccncc1,c1ccncc1,9
CC(C)(C)Br,1.2075997233294875,CC(C)(C)Br,,5
CC(C)(C)C,1.641950107074334,CC(C)(C)C,,5
CC(C)(C)Cl,1.2726222358661412,CC(C)(C)Cl,,5
CC(C)(C)O,-0.1734784429490364,CC(C)(C)O,,5
CC(C)(C)c1ccc(O)cc1,-0.5480081151601617,CC(C)(C)c1ccc(cc1)O,c1ccccc1,11
CC(C)(C)c1ccccc1,0.8746844591418207,CC(C)(C)c1ccccc1,c1ccccc1,10
CC(C)=CCC/C(C)=C/CO,-0.1682766419461042,CC(=CCC/C(=C/CO)/C)C,,11
CC(C)=CCC/C(C)=C\CO,-0.2541063584944871,CC(=CCC/C(=C\CO)/C)C,,11
CC(C)=O,0.0007818906491953,CC(=O)C,,4
CC(C)Br,0.864280857135956,CC(C)Br,,4
CC(C)C,1.5873311965435448,CC(C)C,,4
CC(C)C(=O)C(C)C,0.2764773438046068,CC(C)C(=O)C(C)C,,8
CC(C)C(C)C,1.5977347985494093,CC(C)C(C)C,,6
CC(C)C(C)C(C)C,1.6549546095816647,CC(C)C(C)C(C)C,,8
CC(C)C=O,0.2452665377870131,CC(C)C=O,,5
CC(C)CBr,0.9813213797019328,CC(C)CBr,,5
CC(C)CC(=O)O,-0.5948243241865523,CC(C)CC(=O)O,,7
CC(C)CC(C)(C)C,1.7407843261300475,CC(C)CC(C)(C)C,,8
CC(C)CC(C)C,1.7251789231212509,CC(C)CC(C)C,,7
CC(C)CCC(C)(C)C,1.7511879281359122,CC(C)CCC(C)(C)C,,9
CC(C)CCO,-0.1604739404417058,CC(C)CCO,,6
CC(C)CCOC=O,0.4351322743940418,CC(C)CCOC=O,,8
CC(C)CO,-0.1812811444534349,CC(C)CO,,5
CC(C)COC(=O)C(C)C,0.5495718964585523,CC(C)COC(=O)C(C)C,,10
CC(C)COC=O,0.4117241698808464,CC(C)COC=O,,7
CC(C)CO[N+](=O)[O-],0.5001547869306955,CC(C)CO[N+](=O)[O-],,8
CC(C)C[C@@H](C)O,0.0189881941594583,C[C@H](CC(C)C)O,,7
CC(C)Cc1ccc([C@H](C)C(=O)O)cc1,-0.8315062698199717,C[C@@H](c1ccc(cc1)CC(C)C)C(=O)O,c1ccccc1,15
CC(C)Cc1ccccc1,1.0307384892297895,CC(C)Cc1ccccc1,c1ccccc1,10
CC(C)Cc1cnccn1,-0.3217297715326069,CC(C)Cc1cnccn1,c1cnccn1,10
CC(C)Cl,0.9241015686696774,CC(C)Cl,,4
CC(C)I,0.8694826581388884,CC(C)I,,4
CC(C)NC(C)C,0.1516341197342317,CC(C)NC(C)C,,7
CC(C)O,-0.2437027564886225,CC(C)O,,4
CC(C)OC(C)C,0.8512763546286254,CC(C)OC(C)C,,7
CC(C)OC=O,0.4637421799101694,CC(C)OC=O,,6
CC(C)SC(C)C,0.6744151205289274,CC(C)SC(C)C,,7
CC(C)[C@@H]1CC[C@@H](C)CC1=O,0.331096254335396,C[C@@H]1CC[C@H](C(=O)C1)C(C)C,O=C1CCCCC1,11
CC(C)[C@@H]1CC[C@@H](C)C[C@H]1O,0.156835920737164,C[C@@H]1CC[C@H]([C@@H](C1)O)C(C)C,C1CCCCC1,11
CC(C)[N+](=O)[O-],0.1750422242474271,CC(C)[N+](=O)[O-],,6
CC(C)c1ccccc1,0.9110970661623468,CC(C)c1ccccc1,c1ccccc1,9
CC(Cl)(Cl)Cl,0.9397069716784744,CC(Cl)(Cl)Cl,,5
CC(Cl)Cl,0.7706484390831748,CC(Cl)Cl,,4
CC(F)F,0.9605141756902036,CC(F)F,,4
CC(N)=O,-1.5363503057172978,CC(=O)N,,4
CC1=CC(=O)CC(C)(C)C1,-0.3581423785531328,CC1=CC(=O)CC(C1)(C)C,O=C1C=CCCC1,10
CC1=CC(=O)[C@H](C(C)C)CC1,-0.183882044954901,CC1=CC(=O)[C@@H](CC1)C(C)C,O=C1C=CCCC1,11
CC1=CCCCC1,1.1633844148045631,CC1=CCCCC1,C1=CCCCC1,7
CC1CCC(C)CC1,1.537914087015688,CC1CCC(CC1)C,C1CCCCC1,8
CC1CCCC1,1.4026672609394486,CC1CCCC1,C1CCCC1,6
CC1CCCCC1,1.431277166455576,CC1CCCCC1,C1CCCCC1,7
CC=C(C)C,1.3298420468983962,CC=C(C)C,,5
CC=O,0.0788089056931797,CC=O,,3
CCBr,0.7966574440978362,CCBr,,3
CCC,1.5093041814995602,CCC,,3
CCC#N,-0.0096217113566692,CCC#N,,4
CCC(=O)CC,0.102217010206375,CCC(=O)CC,,6
CCC(=O)Nc1ccc(Cl)c(Cl)c1,-1.034376508934331,CCC(=O)Nc1ccc(c(c1)Cl)Cl,c1ccccc1,13
CCC(=O)O,-0.6910576427407997,CCC(=O)O,,5
CCC(=O)OC,0.22706023427675,CCC(=O)OC,,6
CCC(C)(C)C,1.641950107074334,CCC(C)(C)C,,6
CCC(C)(C)CC,1.6549546095816647,CCC(C)(C)CC,,7
CCC(C)(C)O,-0.1630748409431718,CCC(C)(C)O,,6
CCC(C)C,1.608138400555274,CCC(C)C,,5
CCC(C)CC,1.641950107074334,CCC(C)CC,,6
CCC(N)=O,-1.455722390171847,CCC(=O)N,,5
CCC(O)CC,-0.1422676369314426,CCC(CC)O,,6
CCC/C=C/C=O,0.031992696666789,CCC/C=C/C=O,,7
CCC=O,0.0970152092034427,CCC=O,,4
CCCBr,0.8434736531242268,CCCBr,,4
CCCC,1.535313186514222,CCCC,,4
CCCC#N,0.0423962986726536,CCCC#N,,5
CCCC(=O)CCC,0.2296611347782162,CCCC(=O)CCC,,8
CCCC(=O)O,-0.6624477372246721,CCCC(=O)O,,6
CCCC(=O)OC,0.2530692392914115,CCCC(=O)OC,,7
CCCC(=O)OCC,0.3414998563412604,CCCC(=O)OCC,,8
CCCC(C)(C)C,1.7381834256285815,CCCC(C)(C)C,,7
CCCC(C)(C)O,-0.0304289153683984,CCCC(C)(C)O,,7
CCCC(C)=O,0.0736071046902474,CCCC(=O)C,,6
CCCC(C)C,1.641950107074334,CCCC(C)C,,6
CCCC1CCCC1,1.5431158880186204,CCCC1CCCC1,C1CCCC1,8
CCCC=O,0.1620377217400963,CCCC=O,,5
CCCCBr,0.8850880611476852,CCCCBr,,5
CCCCC,1.5873311965435448,CCCCC,,5
CCCCC#N,0.0736071046902474,CCCCC#N,,6
CCCCC(=O)CCCC,0.3024863488192683,CCCCC(=O)CCCC,,10
CCCCC(=O)O,-0.6130306276968154,CCCCC(=O)O,,7
CCCCC(=O)OC,0.3232935528309975,CCCCC(=O)OC,,8
CCCCC(=O)OCC,0.3414998563412604,CCCCC(=O)OCC,,9
CCCCC(C)=O,0.1360287167254349,CCCCC(=O)C,,7
CCCCC(C)C,1.7511879281359122,CCCCC(C)C,,7
CCCCC/C=C/C=O,0.0970152092034427,CCCCC/C=C/C=O,,9
CCCCC=O,0.2010512292620886,CCCCC=O,,6
CCCCCBr,0.9631150761916696,CCCCCBr,,6
CCCCCC,1.6341474055699354,CCCCCC,,6
CCCCCC(=O)O,-0.626035130204146,CCCCCC(=O)O,,8
CCCCCC(=O)OC,0.3414998563412604,CCCCCC(=O)OC,,9
CCCCCC(=O)OCC,0.4091232693793803,CCCCCC(=O)OCC,,10
CCCCCC(C)=O,0.1984503287606224,CCCCCC(=O)C,,8
CCCCCC(N)=O,-1.432314285658652,CCCCCC(=O)N,,8
CCCCCC1CCCC1,1.6523537090801983,CCCCCC1CCCC1,C1CCCC1,10
CCCCCC=O,0.2582710402943438,CCCCCC=O,,7
CCCCCCBr,1.0359402902327215,CCCCCCBr,,7
CCCCCCC,1.6835645150977925,CCCCCCC,,7
CCCCCCC(C)=O,0.2400647367840808,CCCCCCC(=O)C,,9
CCCCCCC=O,0.2946836473148699,CCCCCCC=O,,8
CCCCCCCBr,1.07755469825618,CCCCCCCBr,,8
CCCCCCCC,1.7381834256285815,CCCCCCCC,,8
CCCCCCCC(=O)OC,0.4585403789072371,CCCCCCCC(=O)OC,,11
CCCCCCCC(C)=O,0.3414998563412604,CCCCCCCC(=O)C,,10
CCCCCCCC=O,0.3935178663705834,CCCCCCCC=O,,9
CCCCCCCCBr,1.1243709072825707,CCCCCCCCBr,,9
CCCCCCCCC,1.8032059381652352,CCCCCCCCC,,9
CCCCCCCCC(C)=O,0.3805133638632528,CCCCCCCCC(=O)C,,11
CCCCCCCCC=O,0.4507376774028387,CCCCCCCCC=O,,10
CCCCCCCCCC,1.8110086396696332,CCCCCCCCCC,,10
CCCCCCCCCC(C)=O,0.4299304733911095,CCCCCCCCCC(=O)C,,12
CCCCCCCCCCO,0.0423962986726536,CCCCCCCCCCO,,11
CCCCCCCCCO,-0.0200253133625338,CCCCCCCCCO,,10
CCCCCCCCN,0.0397953981711875,CCCCCCCCN,,9
CCCCCCCCO,-0.0746442238933229,CCCCCCCCO,,9
CCCCCCCCl,1.0645501957488492,CCCCCCCCl,,8
CCCCCCCI,1.059348394745917,CCCCCCCI,,8
CCCCCCCN,0.0033827911506614,CCCCCCCN,,8
CCCCCCCO,-0.1058550299109167,CCCCCCCO,,8
CCCCCCCl,0.9891240812063312,CCCCCCCl,,7
CCCCCCI,1.0099312852180602,CCCCCCI,,7
CCCCCCN,-0.0382316168727969,CCCCCCN,,7
CCCCCCO,-0.1552721394387736,CCCCCCO,,7
CCCCCCOC(C)=O,0.401320567874982,CCCCCCOC(=O)C,,10
CCCCCCO[N+](=O)[O-],0.5573745979629507,CCCCCCO[N+](=O)[O-],,10
CCCCCCc1ccccc1,0.9787204792004665,CCCCCCc1ccccc1,c1ccccc1,12
CCCCCCl,0.9631150761916696,CCCCCCl,,6
CCCCCI,0.952711474185805,CCCCCI,,6
CCCCCN,-0.0746442238933229,CCCCCN,,6
CCCCCO,-0.199487447963698,CCCCCO,,6
CCCCCOC(=O)CC,0.4403340753969741,CCCCCOC(=O)CC,,10
CCCCCOC(C)=O,0.3362980553383283,CCCCCOC(=O)C,,9
CCCCC[N+](=O)[O-],0.2556701397928777,CCCCC[N+](=O)[O-],,8
CCCCCc1ccccc1,0.9293033696726096,CCCCCc1ccccc1,c1ccccc1,11
CCCCCl,0.9475096731828728,CCCCCl,,5
CCCCI,0.9241015686696774,CCCCI,,5
CCCCN,-0.1136577314153152,CCCCN,,5
CCCCN(CC)C(=O)SCCC,0.0423962986726536,CCCCN(CC)C(=O)SCCC,,13
CCCCN(CC)c1c([N+](=O)[O-])cc(C(F)(F)F)cc1[N+](=O)[O-],0.0762080051917136,CCCC[N@](CC)c1c(cc(cc1[N+](=O)[O-])C(F)(F)F)[N+](=O)[O-],c1ccccc1,23
CCCCNCCCC,0.1464323187312994,CCCCNCCCC,,9
CCCCO,-0.2385009554856901,CCCCO,,5
CCCCOC(=O)c1ccc(O)cc1,-1.2788611560721492,CCCCOC(=O)c1ccc(cc1)O,c1ccccc1,14
CCCCOC(C)=O,0.3024863488192683,CCCCOC(=O)C,,8
CCCCOCCCC,0.7732493395846409,CCCCOCCCC,,9
CCCCOCCO,-0.6364387322100107,CCCCOCCO,,8
CCCCOC[C@H](C)O,-0.5011919061337712,CCCCOC[C@H](C)O,,9
CCCCO[N+](=O)[O-],0.4455358763999064,CCCCO[N+](=O)[O-],,8
CCCCS,0.7316349315611826,CCCCS,,5
CCCC[C@@H](C)CC,1.7615915301417768,CCCC[C@@H](C)CC,,8
CCCC[N+](=O)[O-],0.1854458262532917,CCCC[N+](=O)[O-],,7
CCCCc1ccccc1,0.8850880611476852,CCCCc1ccccc1,c1ccccc1,10
CCCCl,0.9032943646579482,CCCCl,,4
CCCI,0.8512763546286254,CCCI,,4
CCCN,-0.1526712389373072,CCCN,,4
CCCN(CC1CC1)c1c([N+](=O)[O-])cc(C(F)(F)F)cc1[N+](=O)[O-],0.351903458347125,CCC[N@@](CC1CC1)c2c(cc(cc2[N+](=O)[O-])C(F)(F)F)[N+](=O)[O-],c1ccc(NCC2CC2)cc1,24
CCCN(CCC)c1c([N+](=O)[O-])cc(C(F)(F)F)cc1[N+](=O)[O-],0.1438314182298334,CCCN(CCC)c1c(cc(cc1[N+](=O)[O-])C(F)(F)F)[N+](=O)[O-],c1ccccc1,23
CCCN(CCC)c1c([N+](=O)[O-])cc(S(C)(=O)=O)cc1[N+](=O)[O-],-1.0863945189636544,CCCN(CCC)c1c(cc(cc1[N+](=O)[O-])S(=O)(=O)C)[N+](=O)[O-],c1ccccc1,23
CCCNCCC,0.0397953981711875,CCCNCCC,,7
CCCO,-0.27231266200475,CCCO,,4
CCCOC,0.5573745979629507,CCCOC,,5
CCCOC(=O)CC,0.3545043588485912,CCCOC(=O)CC,,8
CCCOC(=O)CCC,0.3961187668720496,CCCC(=O)OCCC,,9
CCCOC(=O)c1ccc(O)cc1,-1.4479196886674484,CCCOC(=O)c1ccc(cc1)O,c1ccccc1,13
CCCOC(C)=O,0.2634728412972761,CCCOC(=O)C,,7
CCCOC=O,0.3441007568427267,CCCOC=O,,6
CCCOCCC,0.6874196230362581,CCCOCCC,,7
CCCOCCO,-0.675452239732003,CCCOCCO,,7
CCCS,0.7030250260450549,CCCS,,4
CCCSC(=O)N(CCC)CCC,-0.0850478258991875,CCCN(CCC)C(=O)SCCC,,13
CCCSCCC,0.6562088170186644,CCCSCCC,,7
CCC[C@@H](C)O,-0.1526712389373072,CCC[C@@H](C)O,,6
CCC[C@@H](O)CC,-0.0668415223889244,CCC[C@H](CC)O,,7
CCC[C@H](C)CC,1.693968117103657,CCC[C@H](C)CC,,7
CCC[N+](=O)[O-],0.1204233137166381,CCC[N+](=O)[O-],,6
CCCc1ccc(O)c(OC)c1,-0.378949582564862,CCCc1ccc(c(c1)OC)O,c1ccccc1,12
CCCc1ccc(O)cc1,-0.3659450800575314,CCCc1ccc(cc1)O,c1ccccc1,10
CCCc1ccccc1,0.8512763546286254,CCCc1ccccc1,c1ccccc1,9
CCCl,0.8252673496139639,CCCl,,3
CCI,0.7966574440978362,CCI,,3
CCN,-0.1812811444534349,CCN,,3
CCN(CC)CC,0.1516341197342317,CCN(CC)CC,,7
CCN(CC)c1c([N+](=O)[O-])cc(C(F)(F)F)c(N)c1[N+](=O)[O-],-0.482985602623508,CCN(CC)c1c(cc(c(c1[N+](=O)[O-])N)C(F)(F)F)[N+](=O)[O-],c1ccccc1,22
CCNCC,-0.0694424228903907,CCNCC,,5
CCNc1nc(Cl)nc(NCC)n1,-1.6689962312920712,CCNc1nc(nc(n1)Cl)NCC,c1ncncn1,13
CCNc1nc(NC(C)(C)C)nc(SC)n1,-0.7482774537730549,CCNc1nc(nc(n1)SC)NC(C)(C)C,c1ncncn1,16
CCNc1nc(NC(C)C)nc(SC)n1,-1.0005648024152711,CCNc1nc(nc(n1)SC)NC(C)C,c1ncncn1,15
CCO,-0.3113261695267423,CCO,,3
CCOC,0.4429349758984402,CCOC,,4
CCOC(=O)CC,0.2920827468134037,CCC(=O)OCC,,7
CCOC(=O)CC(=O)OCC,-0.571416219673357,CCOC(=O)CC(=O)OCC,,11
CCOC(=O)CCC(=O)OCC,-0.4959901051308387,CCOC(=O)CCC(=O)OCC,,12
CCOC(=O)C[C@@H](SP(=S)(OC)OC)C(=O)OCC,-1.1306098274885787,CCOC(=O)C[C@H](C(=O)OCC)SP(=S)(OC)OC,,19
CCOC(=O)c1ccc(O)cc1,-1.403704380142524,CCOC(=O)c1ccc(cc1)O,c1ccccc1,12
CCOC(=O)c1ccccc1,0.0423962986726536,CCOC(=O)c1ccccc1,c1ccccc1,11
CCOC(C)=O,0.2244593337752839,CCOC(=O)C,,6
CCOC(C)OCC,0.1360287167254349,CCOC(C)OCC,,8
CCOC(OCC)Oc1ccccc1,-0.3711468810604638,CCOC(OCC)Oc1ccccc1,c1ccccc1,14
CCOC=O,0.3232935528309975,CCOC=O,,5
CCOCC,0.5755809014732137,CCOCC,,5
CCOCCO,-0.7508783542745212,CCOCCO,,6
CCOCCOC(C)=O,-0.3919540850721927,CCOCCOC(=O)C,,9
CCOCCOCC,0.0684053036873151,CCOCCOCC,,8
CCOP(=O)(OCC)O/C(=C/Cl)c1ccc(Cl)cc1Cl,-0.8497125733302348,CCOP(=O)(OCC)O/C(=C/Cl)/c1ccc(cc1Cl)Cl,c1ccccc1,20
CCOP(=O)(OCC)OCC,-0.9615512948932792,CCOP(=O)(OCC)OCC,,11
CCOP(=S)(OCC)Oc1cc(C)nc(C(C)C)n1,-0.6962594437437322,CCOP(=S)(OCC)Oc1cc(nc(n1)C(C)C)C,c1cncnc1,19
CCOP(=S)(OCC)Oc1ccc([N+](=O)[O-])cc1,-0.7638828567818519,CCOP(=S)(OCC)Oc1ccc(cc1)[N+](=O)[O-],c1ccccc1,18
CCOP(=S)(OCC)Oc1nc(Cl)c(Cl)cc1Cl,-0.3217297715326069,CCOP(=S)(OCC)Oc1c(cc(c(n1)Cl)Cl)Cl,c1ccncc1,18
CCOP(=S)(OCC)SCSCC,-0.147469437934375,CCOP(=S)(OCC)SCSCC,,13
CCOP(=S)(OCC)SCSP(=S)(OCC)OCC,-0.5974252246880184,CCOP(=S)(OCC)SCSP(=S)(OCC)OCC,,19
CCOP(=S)(OCC)SCSc1ccc(Cl)cc1,-0.7014612447466644,CCOP(=S)(OCC)SCSc1ccc(cc1)Cl,c1ccccc1,18
CCOP(=S)(OCC)S[C@@H](CCl)N1C(=O)c2ccccc2C1=O,-0.5037928066352373,CCOP(=S)(OCC)S[C@@H](CCl)N1C(=O)c2ccccc2C1=O,O=C1NC(=O)c2ccccc21,23
CCOc1ccccc1,0.4117241698808464,CCOc1ccccc1,c1ccccc1,9
CCS,0.6926214240391904,CCS,,3
CCSC,0.598989005986409,CCSC,,4
CCSCC,0.6093926079922737,CCSCC,,5
CCSSCC,0.562576398965883,CCSSCC,,6
CC[C@@H](C)C(C)C,1.6445510075758,CC[C@@H](C)C(C)C,,7
CC[C@@H](C)CO,-0.1604739404417058,CC[C@@H](C)CO,,6
CC[C@@H](C)c1cc([N+](=O)[O-])cc([N+](=O)[O-])c1O,-0.6312369312070785,CC[C@@H](C)c1cc(cc(c1O)[N+](=O)[O-])[N+](=O)[O-],c1ccccc1,17
CC[C@@H](O)C(C)C,-0.0200253133625338,CC[C@H](C(C)C)O,,7
CC[C@H](C)Cl,0.9891240812063312,CC[C@H](C)Cl,,5
CC[C@H](C)O,-0.2124919504710287,CC[C@H](C)O,,5
CC[C@H](C)O[N+](=O)[O-],0.5157601899394924,CC[C@H](C)O[N+](=O)[O-],,8
CC[C@H](C)c1ccccc1,0.8720835586403545,CC[C@H](C)c1ccccc1,c1ccccc1,10
CC[C@H](C)n1c(=O)[nH]c(C)c(Br)c1=O,-1.54155210672023,CC[C@H](C)n1c(=O)c(c([nH]c1=O)C)Br,O=c1cc[nH]c(=O)[nH]1,14
CC[N+](=O)[O-],0.0241899951623906,CC[N+](=O)[O-],,5
CCc1ccc(C)cc1,0.7420385335670472,CCc1ccc(cc1)C,c1ccccc1,9
CCc1ccc(O)cc1,-0.6052279261924168,CCc1ccc(cc1)O,c1ccccc1,9
CCc1cccc(CC)c1N(COC)C(=O)CCl,-1.1462152304973758,CCc1cccc(c1N(COC)C(=O)CCl)CC,c1ccccc1,18
CCc1cccc(O)c1,-0.6364387322100107,CCc1cccc(c1)O,c1ccccc1,9
CCc1cccc2ccccc12,0.3649079608544558,CCc1cccc2c1cccc2,c1ccc2ccccc2c1,12
CCc1ccccc1,0.7836529415905055,CCc1ccccc1,c1ccccc1,8
CCc1ccccc1C,0.7680475385817086,CCc1ccccc1C,c1ccccc1,9
CCc1ccccc1O,-0.482985602623508,CCc1ccccc1O,c1ccccc1,9
CCc1ccccn1,-0.1370658359285105,CCc1ccccn1,c1ccncc1,8
CCc1cccnc1,-0.2046892489666302,CCc1cccnc1,c1ccncc1,8
CCc1ccncc1,-0.2411018559871564,CCc1ccncc1,c1ccncc1,8
CCc1cnccn1,-0.428366692092719,CCc1cnccn1,c1cnccn1,8
CCl,0.846074553625693,CCl,,2
CF,0.9319042701740758,CF,,2
CI,0.757643936575844,CI,,2
CN,-0.1942856469607656,CN,,2
CN(C)C,0.156835920737164,CN(C)C,,4
CN(C)C(=O)Nc1ccccc1,-1.385498076632261,CN(C)C(=O)Nc1ccccc1,c1ccccc1,12
CN(C)C(=O)c1ccc([N+](=O)[O-])cc1,-2.1189520180457144,CN(C)C(=O)c1ccc(cc1)[N+](=O)[O-],c1ccccc1,14
CN(C)C(=O)c1ccccc1,-1.4271124846557193,CN(C)C(=O)c1ccccc1,c1ccccc1,11
CN(C)C=O,-1.0421792104387293,CN(C)C=O,,5
CN(C)CCC=C1c2ccccc2CCc2ccccc21,-0.943344991383016,CN(C)CCC=C1c2ccccc2CCc3c1cccc3,C=C1c2ccccc2CCc2ccccc21,21
CN(C)CCOC(c1ccccc1)c1ccccc1,-1.44011698716305,CN(C)CCOC(c1ccccc1)c2ccccc2,c1ccc(Cc2ccccc2)cc1,19
CN(C)c1ccccc1,0.0918134082005104,CN(C)c1ccccc1,c1ccccc1,9
CN(CC(F)(F)F)c1ccccc1,0.4897511849248309,CN(CC(F)(F)F)c1ccccc1,c1ccccc1,13
CN1CCCCC1,-0.0200253133625338,CN1CCCCC1,C1CCNCC1,7
CN1CCN(C)CC1,-0.9823584989050084,CN1CCN(CC1)C,C1CNCCN1,8
CN1CCNCC1,-1.0317756084328649,CN1CCNCC1,C1CNCCN1,7
CN1CCOCC1,-0.6546450357202738,CN1CCOCC1,C1COCCN1,7
CNC,-0.1266622339226459,CNC,,3
CNC(=O)O/N=C\C(C)(C)SC,-1.5701620122363575,CC(C)(/C=N\OC(=O)NC)SC,,12
CNC(=O)Oc1cccc2c1OC(C)(C)C2,-1.510341300702636,CC1(Cc2cccc(c2O1)OC(=O)NC)C,c1ccc2c(c1)CCO2,16
CNC(=O)Oc1cccc2ccccc12,-1.4687268926791777,CNC(=O)Oc1cccc2c1cccc2,c1ccc2ccccc2c1,15
CNC(C)=O,-1.611776420259816,CC(=O)NC,,5
CNc1ccccc1,-0.2306982539812918,CNc1ccccc1,c1ccccc1,8
CO,-0.3373351745414037,CO,,2
COC,0.492352085426297,COC,,3
COC(=O)C(C)(C)C,0.3649079608544558,CC(C)(C)C(=O)OC,,8
COC(=O)C(F)(F)F,0.7030250260450549,COC(=O)C(F)(F)F,,8
COC(=O)C1CC1,-0.077245124394789,COC(=O)C1CC1,C1CC1,7
COC(=O)C1CCCCC1,0.1308269157225026,COC(=O)C1CCCCC1,C1CCCCC1,10
COC(=O)CC#N,-0.7586810557789195,COC(=O)CC#N,,7
COC(=O)CCl,-0.0512361193801276,COC(=O)CCl,,6
COC(=O)c1ccc(O)cc1,-1.4843322956879743,COC(=O)c1ccc(cc1)O,c1ccccc1,11
COC(=O)c1ccc(OC)cc1,-0.3971558860751252,COc1ccc(cc1)C(=O)OC,c1ccccc1,12
COC(=O)c1ccc([N+](=O)[O-])cc1,-0.8002954638023779,COC(=O)c1ccc(cc1)[N+](=O)[O-],c1ccccc1,13
COC(=O)c1ccccc1,-0.0304289153683984,COC(=O)c1ccccc1,c1ccccc1,10
COC(C)(C)C,0.4143250703823126,CC(C)(C)OC,,6
COC(C)(OC)OC,-0.1604739404417058,CC(OC)(OC)OC,,8
COC(C)=O,0.1750422242474271,CC(=O)OC,,5
COC(C)C,0.4663430804116356,CC(C)OC,,5
COC(CC#N)(OC)OC,-0.675452239732003,COC(CC#N)(OC)OC,,10
COC(CCl)(OC)OC,-0.2046892489666302,COC(CCl)(OC)OC,,9
COC(F)(F)C(Cl)Cl,0.6978232250421226,COC(C(Cl)Cl)(F)F,,8
COC(OC)(OC)C(F)(F)F,0.7810520410890393,COC(C(F)(F)F)(OC)OC,,11
COC(OC)(OC)c1ccccc1,-0.0616397213859922,COC(c1ccccc1)(OC)OC,c1ccccc1,13
COC(OC)OC,-0.1604739404417058,COC(OC)OC,,7
COC=O,0.2660737417987423,COC=O,,4
COCC(OC)(OC)OC,-0.5011919061337712,COCC(OC)(OC)OC,,10
COCCN,-0.714465747253995,COCCN,,5
COCCO,-0.7326720507642579,COCCO,,5
COCCOC,-0.2697117615032839,COCCOC,,6
COCOC,0.22706023427675,COCOC,,5
COP(=O)(OC)OC,-1.2736593550692166,COP(=O)(OC)OC,,8
COP(=O)(OC)[C@@H](O)C(Cl)(Cl)Cl,-2.32442315766154,COP(=O)([C@H](C(Cl)(Cl)Cl)O)OC,,12
COP(=S)(OC)Oc1ccc([N+](=O)[O-])cc1,-0.8809233793478286,COP(=S)(OC)Oc1ccc(cc1)[N+](=O)[O-],c1ccccc1,16
COP(=S)(OC)SCn1nnc2ccccc2c1=O,-1.619579121764214,COP(=S)(OC)SCn1c(=O)c2ccccc2nn1,O=c1[nH]nnc2ccccc12,19
COS(=O)(=O)OC,-0.3373351745414037,COS(=O)(=O)OC,,7
COS(C)(=O)=O,-0.2775144630076824,COS(=O)(=O)C,,6
COc1c(Cl)cc(Cl)c(OC)c1O,-0.6858558417378675,COc1c(cc(c(c1O)OC)Cl)Cl,c1ccccc1,13
COc1c(Cl)ccc(Cl)c1C(=O)O,-1.5753638132392895,COc1c(ccc(c1C(=O)O)Cl)Cl,c1ccccc1,13
COc1c(O)c(OC)c(Cl)c(C=O)c1Cl,-1.2684575540662844,COc1c(c(c(c(c1Cl)C=O)Cl)OC)O,c1ccccc1,15
COc1cc(C)ccc1O,-0.519398209644034,Cc1ccc(c(c1)OC)O,c1ccccc1,10
COc1cc(C=O)c(Cl)c(OC)c1O,-1.034376508934331,COc1cc(c(c(c1O)OC)Cl)C=O,c1ccccc1,14
COc1ccc(C(=O)N(C)C)cc1,-1.8744673709078965,CN(C)C(=O)c1ccc(cc1)OC,c1ccccc1,13
COc1ccc(C(C)=O)cc1,-0.1552721394387736,CC(=O)c1ccc(cc1)OC,c1ccccc1,11
COc1ccc(N)cc1,-0.9563494938903468,COc1ccc(cc1)N,c1ccccc1,9
COc1ccc2cc([C@H](C)C(=O)O)ccc2c1,-1.6663953307906052,C[C@@H](c1ccc2cc(ccc2c1)OC)C(=O)O,c1ccc2ccccc2c1,17
COc1cccc(N)c1,-0.90693238436249,COc1cccc(c1)N,c1ccccc1,9
COc1cccc(O)c1,-1.0031657029167371,COc1cccc(c1)O,c1ccccc1,9
COc1cccc(OC)c1O,-0.8211026678141071,COc1cccc(c1O)OC,c1ccccc1,11
COc1ccccc1,0.351903458347125,COc1ccccc1,c1ccccc1,8
COc1ccccc1N,-0.6026270256909508,COc1ccccc1N,c1ccccc1,9
COc1ccccc1O,-0.5558108166645602,COc1ccccc1O,c1ccccc1,9
COc1ccccc1OC,-0.3971558860751252,COc1ccccc1OC,c1ccccc1,10
CS,0.6770160210303935,CS,,2
CS(=O)(=O)Cl,-0.2775144630076824,CS(=O)(=O)Cl,,5
CS(C)(=O)=O,-1.632583624271545,CS(=O)(=O)C,,5
CS(C)=O,-1.424511584154253,CS(=O)C,,4
CSC,0.5703791004702815,CSC,,3
CSSC,0.5131592894380262,CSSC,,4
CSc1ccccc1,0.279078244306073,CSc1ccccc1,c1ccccc1,8
C[C@@H](CCO[N+](=O)[O-])O[N+](=O)[O-],-0.1266622339226459,C[C@@H](CCO[N+](=O)[O-])O[N+](=O)[O-],,12
C[C@@H](CO[N+](=O)[O-])O[N+](=O)[O-],-0.2983216670194116,C[C@@H](CO[N+](=O)[O-])O[N+](=O)[O-],,11
C[C@@H](O)C(F)(F)F,-0.1032541294094506,C[C@H](C(F)(F)F)O,,7
C[C@@H]1CCCC[C@@H]1C,1.4000663604379822,C[C@@H]1CCCC[C@@H]1C,C1CCCCC1,8
C[C@H](C(=O)O)c1ccc(-c2ccccc2)c(F)c1,-1.2008341410281649,C[C@@H](c1ccc(c(c1)F)c2ccccc2)C(=O)O,c1ccc(-c2ccccc2)cc1,18
C[C@H](C(=O)O)c1cccc(C(=O)c2ccccc2)c1,-1.814646659374175,C[C@@H](c1cccc(c1)C(=O)c2ccccc2)C(=O)O,O=C(c1ccccc1)c1ccccc1,19
C[C@H](Cl)CCl,0.6588097175201304,C[C@@H](CCl)Cl,,5
C[C@H](O)C(F)(F)F,-0.092850527403586,C[C@@H](C(F)(F)F)O,,7
C[C@H]1CCCO1,0.1308269157225026,C[C@H]1CCCO1,C1CCOC1,6
C[C@H]1CC[C@H](C)O1,0.2296611347782162,C[C@H]1CC[C@@H](O1)C,C1CCOC1,7
C[N+](=O)[O-],-0.0564379203830598,C[N+](=O)[O-],,4
Cc1[nH]c(=O)n(C(C)(C)C)c(=O)c1Cl,-1.908279077426957,Cc1c(c(=O)n(c(=O)[nH]1)C(C)(C)C)Cl,O=c1cc[nH]c(=O)[nH]1,14
Cc1c[nH]c2ccccc12,-0.5402054136557632,Cc1c[nH]c2c1cccc2,c1ccc2[nH]ccc2c1,10
Cc1c[nH]cn1,-1.6820007337994016,Cc1c[nH]cn1,c1c[nH]cn1,6
Cc1cc(C)c2ccccc2c1,0.3467016573441928,Cc1cc(c2ccccc2c1)C,c1ccc2ccccc2c1,12
Cc1cc(C)cc(C)c1,0.755043036074378,Cc1cc(cc(c1)C)C,c1ccccc1,9
Cc1cc(C)cc(O)c1,-0.6416405332129429,Cc1cc(cc(c1)O)C,c1ccccc1,9
Cc1cc(O)ccc1Cl,-0.7768873592891826,Cc1cc(ccc1Cl)O,c1ccccc1,9
Cc1cc2ccccc2cc1C,0.2660737417987423,Cc1cc2ccccc2cc1C,c1ccc2ccccc2c1,12
Cc1ccc(Br)cc1,0.6275989115025367,Cc1ccc(cc1)Br,c1ccccc1,8
Cc1ccc(C(=O)N(C)C)cc1,-1.5493548082246282,Cc1ccc(cc1)C(=O)N(C)C,c1ccccc1,12
Cc1ccc(C(C)C)cc1,0.8122628471066331,Cc1ccc(cc1)C(C)C,c1ccccc1,10
Cc1ccc(C)c(C)c1,0.7654466380802425,Cc1ccc(c(c1)C)C,c1ccccc1,9
Cc1ccc(C)c(O)c1,-0.5480081151601617,Cc1ccc(c(c1)O)C,c1ccccc1,9
Cc1ccc(C)c2ccccc12,0.2556701397928777,Cc1ccc(c2c1cccc2)C,c1ccc2ccccc2c1,12
Cc1ccc(C)cc1,0.7810520410890393,Cc1ccc(cc1)C,c1ccccc1,8
Cc1ccc(C)nc1,-0.2385009554856901,Cc1ccc(nc1)C,c1ccncc1,8
Cc1ccc(C=O)cc1,-0.1214604329197134,Cc1ccc(cc1)C=O,c1ccccc1,9
Cc1ccc(N)cc1,-0.4595774981103127,Cc1ccc(cc1)N,c1ccccc1,8
Cc1ccc(O)c(C)c1,-0.5740171201748231,Cc1ccc(c(c1)C)O,c1ccccc1,9
Cc1ccc(O)cc1,-0.6052279261924168,Cc1ccc(cc1)O,c1ccccc1,8
Cc1ccc(O)cc1C,-0.7014612447466644,Cc1ccc(cc1C)O,c1ccccc1,9
Cc1ccc2cc(C)ccc2c1,0.3050872493207345,Cc1ccc2cc(ccc2c1)C,c1ccc2ccccc2c1,12
Cc1cccc(C)c1,0.7732493395846409,Cc1cccc(c1)C,c1ccccc1,8
Cc1cccc(C)c1C,0.6744151205289274,Cc1cccc(c1C)C,c1ccccc1,9
Cc1cccc(C)c1N,-0.3659450800575314,Cc1cccc(c1N)C,c1ccccc1,9
Cc1cccc(C)c1O,-0.378949582564862,Cc1cccc(c1O)C,c1ccccc1,9
Cc1cccc(C)n1,-0.2046892489666302,Cc1cccc(n1)C,c1ccncc1,8
Cc1cccc(Nc2ccccc2C(=O)O)c1C,-0.7742864587877165,Cc1cccc(c1C)Nc2ccccc2C(=O)O,c1ccc(Nc2ccccc2)cc1,18
Cc1cccc(O)c1,-0.4387702940985836,Cc1cccc(c1)O,c1ccccc1,8
Cc1cccc(O)c1C,-0.6130306276968154,Cc1cccc(c1C)O,c1ccccc1,9
Cc1cccc([N+](=O)[O-])c1,0.0918134082005104,Cc1cccc(c1)[N+](=O)[O-],c1ccccc1,10
Cc1cccc2ccccc12,0.3545043588485912,Cc1cccc2c1cccc2,c1ccc2ccccc2c1,11
Cc1ccccc1,0.755043036074378,Cc1ccccc1,c1ccccc1,7
Cc1ccccc1C,0.755043036074378,Cc1ccccc1C,c1ccccc1,8
Cc1ccccc1C=O,-0.0330298158698646,Cc1ccccc1C=O,c1ccccc1,9
Cc1ccccc1Cl,0.6926214240391904,Cc1ccccc1Cl,c1ccccc1,8
Cc1ccccc1N,-0.4491738961044481,Cc1ccccc1N,c1ccccc1,8
Cc1ccccc1O,-0.5454072146586956,Cc1ccccc1O,c1ccccc1,8
Cc1ccccc1[N+](=O)[O-],0.0580017016814505,Cc1ccccc1[N+](=O)[O-],c1ccccc1,10
Cc1ccccn1,-0.2150928509724948,Cc1ccccn1,c1ccncc1,7
Cc1cccnc1,-0.2515054579930208,Cc1cccnc1,c1ccncc1,7
Cc1cccnc1C,-0.2645099605003517,Cc1cccnc1C,c1ccncc1,8
Cc1cccs1,0.6301998120040029,Cc1cccs1,c1ccsc1,6
Cc1ccnc(C)c1,-0.2749135625062163,Cc1ccnc(c1)C,c1ccncc1,8
Cc1ccncc1,-0.2931198660164792,Cc1ccncc1,c1ccncc1,7
Cc1ccncc1C,-0.3685459805589974,Cc1ccncc1C,c1ccncc1,8
Cc1cncc(C)c1,-0.2697117615032839,Cc1cc(cnc1)C,c1ccncc1,8
Cc1cnccn1,-0.4439720951015157,Cc1cnccn1,c1cnccn1,7
Cc1nc(N(C)C)nc(OC(=O)N(C)C)c1C,-1.4583232906733132,Cc1c(nc(nc1OC(=O)N(C)C)N(C)C)C,c1cncnc1,17
Cl/C=C/Cl,0.7862538420919717,C(=C/Cl)\Cl,,4
Cl/C=C\Cl,0.6848187225347919,C(=C\Cl)\Cl,,4
ClC(Cl)(Cl)C(Cl)(Cl)Cl,0.8226664491124976,C(C(Cl)(Cl)Cl)(Cl)(Cl)Cl,,8
ClC(Cl)(Cl)Cl,1.0099312852180602,C(Cl)(Cl)(Cl)Cl,,5
ClC(Cl)=C(Cl)Cl,1.0151330862209926,C(=C(Cl)Cl)(Cl)Cl,,6
ClC(Cl)C(Cl)(Cl)Cl,0.669213319525995,C(C(Cl)(Cl)Cl)(Cl)Cl,,7
ClC(Cl)C(Cl)Cl,0.3727106623588542,C(C(Cl)Cl)(Cl)Cl,,6
ClC(Cl)Cl,0.7082268270479872,C(Cl)(Cl)Cl,,4
ClC1=C(Cl)[C@]2(Cl)[C@@H]3[C@@H](Cl)C=C[C@@H]3[C@@]1(Cl)C2(Cl)Cl,0.3258944533324637,C1=C[C@@H]([C@@H]2[C@H]1[C@@]3(C(=C([C@]2(C3(Cl)Cl)Cl)Cl)Cl)Cl)Cl,C1=CC2C3C=CC(C3)C2C1,17
ClC1=C(Cl)[C@]2(Cl)[C@@H]3[C@@H]([C@H](Cl)C[C@@H]3Cl)[C@@]1(Cl)C2(Cl)Cl,0.0944143087019766,C1[C@H]([C@@H]2[C@H]([C@H]1Cl)[C@]3(C(=C([C@@]2(C3(Cl)Cl)Cl)Cl)Cl)Cl)Cl,C1=CC2CC1C1CCCC21,18
ClC1=C(Cl)[C@]2(Cl)[C@H]3[C@H]4C[C@H]([C@@H]5O[C@H]45)[C@H]3[C@@]1(Cl)C2(Cl)Cl,-0.2645099605003517,C1[C@@H]2[C@H]3[C@@H]([C@H]1[C@H]4[C@@H]2O4)[C@@]5(C(=C([C@]3(C5(Cl)Cl)Cl)Cl)Cl)Cl,C1=CC2CC1C1C3CC(C4OC34)C21,19
ClC=C(Cl)Cl,0.8746844591418207,C(=C(Cl)Cl)Cl,,5
ClCC(Cl)(Cl)Cl,0.617195309496672,C(C(Cl)(Cl)Cl)Cl,,6
ClCC(Cl)Cl,0.4715448814145678,C(C(Cl)Cl)Cl,,5
ClCCBr,0.4819484834204324,C(CBr)Cl,,4
ClCCCCCl,0.385715164866185,C(CCCl)CCl,,6
ClCCCCl,0.4975538864292294,C(CCl)CCl,,5
ClCCCl,0.5235628914438908,C(CCl)Cl,,4
ClCCOCCCl,-0.1110568309138491,C(CCl)OCCCl,,7
ClCCl,0.6484061155142659,C(Cl)Cl,,3
ClCc1ccccc1,0.4871502844233648,c1ccc(cc1)CCl,c1ccccc1,8
Clc1c(Cl)c(Cl)c(-c2c(Cl)c(Cl)c(Cl)c(Cl)c2Cl)c(Cl)c1Cl,0.2140557317694193,c1(c(c(c(c(c1Cl)Cl)Cl)Cl)Cl)c2c(c(c(c(c2Cl)Cl)Cl)Cl)Cl,c1ccc(-c2ccccc2)cc1,22
Clc1c(Cl)c(Cl)c(Cl)c(Cl)c1Cl,0.3831142643647188,c1(c(c(c(c(c1Cl)Cl)Cl)Cl)Cl)Cl,c1ccccc1,12
Clc1c(Cl)c(Cl)c2c(c1Cl)Oc1c(Cl)c(Cl)c(Cl)c(Cl)c1O2,-0.1890838459578334,c12c(c(c(c(c1Cl)Cl)Cl)Cl)Oc3c(c(c(c(c3Cl)Cl)Cl)Cl)O2,c1ccc2c(c1)Oc1ccccc1O2,22
Clc1c(Cl)c(Cl)c2c(c1Cl)Oc1ccccc1O2,-0.0018190098522708,c1ccc2c(c1)Oc3c(c(c(c(c3Cl)Cl)Cl)Cl)O2,c1ccc2c(c1)Oc1ccccc1O2,18
Clc1cc(-c2c(Cl)cc(Cl)c(Cl)c2Cl)c(Cl)c(Cl)c1Cl,-0.2098910499695626,c1c(c(c(c(c1Cl)Cl)Cl)Cl)c2c(cc(c(c2Cl)Cl)Cl)Cl,c1ccc(-c2ccccc2)cc1,20
Clc1cc(-c2cc(Cl)c(Cl)c(Cl)c2Cl)cc(Cl)c1Cl,0.1646386222415625,c1c(cc(c(c1Cl)Cl)Cl)c2cc(c(c(c2Cl)Cl)Cl)Cl,c1ccc(-c2ccccc2)cc1,19
Clc1cc(-c2ccccc2)c(Cl)c(Cl)c1Cl,0.084010706696112,c1ccc(cc1)c2cc(c(c(c2Cl)Cl)Cl)Cl,c1ccc(-c2ccccc2)cc1,16
Clc1cc(Cl)c(-c2c(Cl)cccc2Cl)c(Cl)c1,0.4793475829189663,c1cc(c(c(c1)Cl)c2c(cc(cc2Cl)Cl)Cl)Cl,c1ccc(-c2ccccc2)cc1,17
Clc1cc(Cl)c(-c2ccccc2)c(Cl)c1,0.4273295728896433,c1ccc(cc1)c2c(cc(cc2Cl)Cl)Cl,c1ccc(-c2ccccc2)cc1,15
Clc1cc(Cl)c(Cl)c(Cl)c1,0.5677781999688153,c1c(cc(c(c1Cl)Cl)Cl)Cl,c1ccccc1,10
Clc1cc(Cl)c(Cl)cc1Cl,0.6406034140098673,c1c(c(cc(c1Cl)Cl)Cl)Cl,c1ccccc1,10
Clc1cc(Cl)c2c(c1Cl)Oc1ccccc1O2,-0.0642406218874583,c1ccc2c(c1)Oc3c(cc(c(c3O2)Cl)Cl)Cl,c1ccc2c(c1)Oc1ccccc1O2,17
Clc1cc(Cl)cc(Cl)c1,0.7862538420919717,c1c(cc(cc1Cl)Cl)Cl,c1ccccc1,9
Clc1cc2c(cc1Cl)Oc1c(Cl)c(Cl)c(Cl)c(Cl)c1O2,0.0241899951623906,c1c2c(cc(c1Cl)Cl)Oc3c(c(c(c(c3Cl)Cl)Cl)Cl)O2,c1ccc2c(c1)Oc1ccccc1O2,20
Clc1cc2c(cc1Cl)Oc1cc(Cl)c(Cl)cc1O2,0.1126206122122395,c1c2c(cc(c1Cl)Cl)Oc3cc(c(cc3O2)Cl)Cl,c1ccc2c(c1)Oc1ccccc1O2,18
Clc1cc2c(cc1Cl)Oc1ccccc1O2,0.0632035026843828,c1ccc2c(c1)Oc3cc(c(cc3O2)Cl)Cl,c1ccc2c(c1)Oc1ccccc1O2,16
Clc1ccc(-c2c(Cl)c(Cl)cc(Cl)c2Cl)cc1Cl,-0.1500703384358412,c1cc(c(cc1c2c(c(cc(c2Cl)Cl)Cl)Cl)Cl)Cl,c1ccc(-c2ccccc2)cc1,18
Clc1ccc(-c2cc(Cl)c(Cl)c(Cl)c2Cl)c(Cl)c1Cl,-0.1552721394387736,c1cc(c(c(c1c2cc(c(c(c2Cl)Cl)Cl)Cl)Cl)Cl)Cl,c1ccc(-c2ccccc2)cc1,19
Clc1ccc(-c2cc(Cl)c(Cl)c(Cl)c2Cl)cc1Cl,0.1984503287606224,c1cc(c(cc1c2cc(c(c(c2Cl)Cl)Cl)Cl)Cl)Cl,c1ccc(-c2ccccc2)cc1,18
Clc1ccc(Cl)c(-c2cc(Cl)c(Cl)c(Cl)c2)c1,0.0501990001770521,c1cc(c(cc1Cl)c2cc(c(c(c2)Cl)Cl)Cl)Cl,c1ccc(-c2ccccc2)cc1,17
Clc1ccc(Cl)c(-c2ccccc2)c1,0.349302557845659,c1ccc(cc1)c2cc(ccc2Cl)Cl,c1ccc(-c2ccccc2)cc1,14
Clc1ccc(Cl)c(Cl)c1,0.6978232250421226,c1cc(c(cc1Cl)Cl)Cl,c1ccccc1,9
Clc1ccc(Cl)c(Cl)c1Cl,0.6406034140098673,c1cc(c(c(c1Cl)Cl)Cl)Cl,c1ccccc1,10
Clc1ccc(Cl)cc1,0.7264331305582502,c1cc(ccc1Cl)Cl,c1ccccc1,8
Clc1ccc2c(c1)Oc1c(Cl)c(Cl)c(Cl)c(Cl)c1O2,-0.0902496269021199,c1cc2c(cc1Cl)Oc3c(c(c(c(c3Cl)Cl)Cl)Cl)O2,c1ccc2c(c1)Oc1ccccc1O2,19
Clc1ccc2c(c1)Oc1cc(Cl)c(Cl)c(Cl)c1O2,-0.0096217113566692,c1cc2c(cc1Cl)Oc3cc(c(c(c3O2)Cl)Cl)Cl,c1ccc2c(c1)Oc1ccccc1O2,18
Clc1ccc2c(c1)Oc1ccc(Cl)cc1O2,0.0345935971682552,c1cc2c(cc1Cl)Oc3ccc(cc3O2)Cl,c1ccc2c(c1)Oc1ccccc1O2,16
Clc1ccc2c(c1)Oc1ccccc1O2,0.1828449257518255,c1ccc2c(c1)Oc3ccc(cc3O2)Cl,c1ccc2c(c1)Oc1ccccc1O2,15
Clc1cccc(Cl)c1,0.7342358320626488,c1cc(cc(c1)Cl)Cl,c1ccccc1,8
Clc1cccc(Cl)c1-c1c(Cl)cccc1Cl,0.3961187668720496,c1cc(c(c(c1)Cl)c2c(cccc2Cl)Cl)Cl,c1ccc(-c2ccccc2)cc1,16
Clc1cccc(Cl)c1Cl,0.666612419024529,c1cc(c(c(c1)Cl)Cl)Cl,c1ccccc1,9
Clc1cccc2c1Oc1ccccc1O2,0.0736071046902474,c1ccc2c(c1)Oc3cccc(c3O2)Cl,c1ccc2c(c1)Oc1ccccc1O2,15
Clc1ccccc1,0.6978232250421226,c1ccc(cc1)Cl,c1ccccc1,7
Clc1ccccc1-c1ccccc1,0.2894818463119376,c1ccc(cc1)c2ccccc2Cl,c1ccc(-c2ccccc2)cc1,13
Clc1ccccc1Cl,0.6354016130069352,c1ccc(c(c1)Cl)Cl,c1ccccc1,8
Clc1ccccn1,-0.1526712389373072,c1ccnc(c1)Cl,c1ccncc1,7
Clc1cccnc1,-0.0538370198815937,c1cc(cnc1)Cl,c1ccncc1,7
Cn1c(=O)c2c(ncn2C)n(C)c1=O,-2.298414152646879,Cn1cnc2c1c(=O)n(c(=O)n2C)C,O=c1[nH]c(=O)c2[nH]cnc2[nH]1,14
Cn1cccc1,0.2374638362826146,Cn1cccc1,c1cc[nH]c1,6
Cn1ccnc1,-1.1982332405266984,Cn1ccnc1,c1c[nH]cn1,6
FC(F)(Cl)C(F)(Cl)Cl,1.449483469965839,C(C(F)(Cl)Cl)(F)(F)Cl,,8
FC(F)(F)Br,1.4546852709687714,C(F)(F)(F)Br,,5
FC(F)(F)CCl,1.004729484215128,C(C(F)(F)F)Cl,,6
FC(F)(F)F,1.800605037663769,C(F)(F)(F)F,,5
FC(F)(F)[C@H](Cl)Br,0.9605141756902036,[C@@H](C(F)(F)F)(Cl)Br,,7
FC(F)(F)c1cccc(C(F)(F)F)c1,1.2674204348632088,c1cc(cc(c1)C(F)(F)F)C(F)(F)F,c1ccccc1,14
FC(F)(F)c1ccccc1,0.9241015686696774,c1ccc(cc1)C(F)(F)F,c1ccccc1,10
FC(F)(F)c1ccccc1C(F)(F)F,1.2674204348632088,c1ccc(c(c1)C(F)(F)F)C(F)(F)F,c1ccccc1,14
FC(F)=C(F)C(F)(F)F,1.7511879281359122,C(=C(F)F)(C(F)(F)F)F,,9
FC(F)Cl,0.8590790561330237,C(F)(F)Cl,,4
FC(F)O[C@H](Cl)C(F)(F)F,1.0151330862209926,[C@@H](C(F)(F)F)(OC(F)F)Cl,,10
FC(F)[C@@H](F)Oc1ccccc1,0.6536079165171982,c1ccc(cc1)O[C@@H](C(F)F)F,c1ccccc1,12
FC1(F)C(F)(F)C(F)(F)C1(F)F,1.88123295320922,C1(C(C(C1(F)F)(F)F)(F)F)(F)F,C1CCC1,12
FCCl,0.7888547425934378,C(F)Cl,,3
F[C@H](Br)C(F)(F)F,1.1191691062796385,[C@@H](C(F)(F)F)(F)Br,,7
Fc1ccccc1,0.7810520410890393,c1ccc(cc1)F,c1ccccc1,7
ICI,0.3414998563412604,C(I)I,,3
Ic1ccccc1,0.5365673939512217,c1ccc(cc1)I,c1ccccc1,7
N,-0.1266622339226459,N,,1
N#Cc1c(Cl)cccc1Cl,-0.235900054984224,c1cc(c(c(c1)Cl)C#N)Cl,c1ccccc1,10
N#Cc1ccc(O)cc1,-1.6559917287847403,c1cc(ccc1C#N)O,c1ccccc1,9
N#Cc1cccc(O)c1,-1.5207449027085007,c1cc(cc(c1)O)C#N,c1ccccc1,9
N#Cc1ccccc1,-0.077245124394789,c1ccc(cc1)C#N,c1ccccc1,8
N#Cc1cccnc1,-0.766483757283318,c1cc(cnc1)C#N,c1ccncc1,8
N#Cc1ccncc1,-0.5766180206762892,c1cnccc1C#N,c1ccncc1,8
NC(=O)c1ccccc1,-1.8718664704064305,c1ccc(cc1)C(=O)N,c1ccccc1,9
NC1CCCCC1,-0.2046892489666302,C1CCC(CC1)N,C1CCCCC1,7
NN,-1.4297133851571855,NN,,2
Nc1ccc(Cl)cc1,-0.5454072146586956,c1cc(ccc1N)Cl,c1ccccc1,8
Nc1ccc(N)c2c1C(=O)c1ccccc1C2=O,-2.092943013031053,c1ccc2c(c1)C(=O)c3c(ccc(c3C2=O)N)N,O=C1c2ccccc2C(=O)c2ccccc21,18
Nc1ccc(O)c2c1C(=O)c1ccccc1C2=O,-1.4895340966909068,c1ccc2c(c1)C(=O)c3c(ccc(c3C2=O)O)N,O=C1c2ccccc2C(=O)c2ccccc21,18
Nc1ccc([N+](=O)[O-])cc1,-1.564960211233425,c1cc(ccc1N)N(=O)=O,c1ccccc1,10
Nc1ccc2c(c1)C(=O)c1ccccc1C2=O,-2.0097141969841363,c1ccc2c(c1)C(=O)c3ccc(cc3C2=O)N,O=C1c2ccccc2C(=O)c2ccccc21,17
Nc1ccc2ccccc2c1,-0.9537485933888804,c1ccc2cc(ccc2c1)N,c1ccc2ccccc2c1,11
Nc1cccc(Cl)c1,-0.5246000106469664,c1cc(cc(c1)Cl)N,c1ccccc1,8
Nc1cccc([N+](=O)[O-])c1,-1.3100719620897427,c1cc(cc(c1)[N+](=O)[O-])N,c1ccccc1,10
Nc1cccc2c1C(=O)c1ccccc1C2=O,-1.4661259921777114,c1ccc2c(c1)C(=O)c3cccc(c3C2=O)N,O=C1c2ccccc2C(=O)c2ccccc21,17
Nc1cccc2ccccc12,-0.9043314838610238,c1ccc2c(c1)cccc2N,c1ccc2ccccc2c1,11
Nc1ccccc1,-0.4387702940985836,c1ccc(cc1)N,c1ccccc1,7
Nc1ccccc1Cl,-0.287918065013547,c1ccc(c(c1)N)Cl,c1ccccc1,8
Nc1ccccc1[N+](=O)[O-],-0.9277395883742192,c1ccc(c(c1)N)[N+](=O)[O-],c1ccccc1,10
Nc1cnn(-c2ccccc2)c(=O)c1Cl,-3.284155442702548,c1ccc(cc1)n2c(=O)c(c(cn2)N)Cl,O=c1cccnn1-c1ccccc1,15
O=C(O)c1cc(-c2ccc(F)cc2F)ccc1O,-1.455722390171847,c1cc(c(cc1c2ccc(cc2F)F)C(=O)O)O,c1ccc(-c2ccccc2)cc1,18
O=C1C=CC(=O)C=C1,-0.7014612447466644,C1=CC(=O)C=CC1=O,O=C1C=CC(=O)C=C1,8
O=C1CCCC1,-0.2332991544827579,C1CCC(=O)C1,O=C1CCCC1,6
O=C1CCCCC1,-0.287918065013547,C1CCC(=O)CC1,O=C1CCCCC1,7
O=C1NC(=O)c2ccccc21,-1.510341300702636,c1ccc2c(c1)C(=O)NC2=O,O=C1NC(=O)c2ccccc21,11
O=C1[C@@H]2CC=CC[C@H]2C(=O)N1SC(Cl)(Cl)Cl,-1.3542872706146671,C1C=CC[C@@H]2[C@@H]1C(=O)N(C2=O)SC(Cl)(Cl)Cl,O=C1NC(=O)C2CC=CCC12,16
O=C1c2ccccc2C(=O)c2c(NCCO)cccc21,-2.706755531377064,c1ccc2c(c1)C(=O)c3cccc(c3C2=O)NCCO,O=C1c2ccccc2C(=O)c2ccccc21,20
O=COc1ccccc1,-0.0044199103537369,c1ccc(cc1)OC=O,c1ccccc1,9
O=Cc1ccc(O)cc1,-1.3074710615882768,c1cc(ccc1C=O)O,c1ccccc1,9
O=Cc1cccc(O)c1,-1.4869331961894408,c1cc(cc(c1)O)C=O,c1ccccc1,9
O=Cc1ccccc1,-0.0564379203830598,c1ccc(cc1)C=O,c1ccccc1,8
O=Cc1ccccc1O,-0.2280973534798255,c1ccc(c(c1)C=O)O,c1ccccc1,9
O=Cc1cccnc1,-0.8575152748346331,c1cc(cnc1)C=O,c1ccncc1,8
O=Cc1ccncc1,-0.8315062698199717,c1cnccc1C=O,c1ccncc1,8
O=S1OC[C@@H]2[C@H](CO1)[C@]1(Cl)C(Cl)=C(Cl)[C@@]2(Cl)C1(Cl)Cl,-0.1110568309138491,C1[C@@H]2[C@H](COS(=O)O1)[C@@]3(C(=C([C@]2(C3(Cl)Cl)Cl)Cl)Cl)Cl,O=S1OCC2C3C=CC(C3)C2CO1,19
O=[N+]([O-])C(Cl)(Cl)Cl,0.6119935084937399,C([N+](=O)[O-])(Cl)(Cl)Cl,,7
O=[N+]([O-])OCCCO[N+](=O)[O-],-0.2593081594974193,C(CO[N+](=O)[O-])CO[N+](=O)[O-],,11
O=[N+]([O-])OCCO,-1.138412528992977,C(CO[N+](=O)[O-])O,,7
O=[N+]([O-])OCCO[N+](=O)[O-],-0.5011919061337712,C(CO[N+](=O)[O-])O[N+](=O)[O-],,10
O=[N+]([O-])c1c(Cl)c(Cl)c(Cl)c(Cl)c1Cl,-0.3685459805589974,c1(c(c(c(c(c1Cl)Cl)Cl)Cl)Cl)N(=O)=O,c1ccccc1,14
O=[N+]([O-])c1ccc(O)cc1,-1.7782340523536493,c1cc(ccc1[N+](=O)[O-])O,c1ccccc1,10
O=[N+]([O-])c1cccc(O)c1,-1.512942201204102,c1cc(cc(c1)O)[N+](=O)[O-],c1ccccc1,10
O=[N+]([O-])c1ccccc1,-0.0824469253977214,c1ccc(cc1)[N+](=O)[O-],c1ccccc1,9
O=[N+]([O-])c1ccccc1O,-0.2020883484651641,c1ccc(c(c1)[N+](=O)[O-])O,c1ccccc1,10
O=c1[nH]c(=O)[nH]c(=O)[nH]1,-3.70810222444153,c1(=O)[nH]c(=O)[nH]c(=O)[nH]1,O=c1[nH]c(=O)[nH]c(=O)[nH]1,9
O=c1[nH]cc(Br)c(=O)[nH]1,-3.736712129957658,c1c(c(=O)[nH]c(=O)[nH]1)Br,O=c1cc[nH]c(=O)[nH]1,9
O=c1[nH]cc(C(F)(F)F)c(=O)[nH]1,-3.031868094060332,c1c(c(=O)[nH]c(=O)[nH]1)C(F)(F)F,O=c1cc[nH]c(=O)[nH]1,12
O=c1[nH]cc(Cl)c(=O)[nH]1,-3.624873408394613,c1c(c(=O)[nH]c(=O)[nH]1)Cl,O=c1cc[nH]c(=O)[nH]1,9
O=c1[nH]cc(F)c(=O)[nH]1,-3.41159956727439,c1c(c(=O)[nH]c(=O)[nH]1)F,O=c1cc[nH]c(=O)[nH]1,9
O=c1[nH]cc(I)c(=O)[nH]1,-3.879761657538296,c1c(c(=O)[nH]c(=O)[nH]1)I,O=c1cc[nH]c(=O)[nH]1,9
O=c1cc(Cl)[nH]c(=O)[nH]1,-3.1281014126145794,c1c(=O)[nH]c(=O)[nH]c1Cl,O=c1cc[nH]c(=O)[nH]1,9
OC1CCCC1,-0.4387702940985836,C1CCC(C1)O,C1CCCC1,6
OC1CCCCC1,-0.430967592594185,C1CCC(CC1)O,C1CCCCC1,7
OC1CCCCCC1,-0.4361693935971175,C1CCCC(CC1)O,C1CCCCCC1,8
OCC(F)(F)F,-0.131864034925578,C(C(F)(F)F)O,,6
OCC(O)CO,-2.503885292262704,C(C(CO)O)O,,6
OCCCc1ccccc1,-0.8106990658082425,c1ccc(cc1)CCCO,c1ccccc1,10
OCCO,-1.4297133851571855,C(CO)O,,4
OCCc1ccccc1,-0.7768873592891826,c1ccc(cc1)CCO,c1ccccc1,9
OC[C@@H](O)[C@@H](O)[C@H](O)[C@H](O)CO,-5.154202903256708,C([C@H]([C@H]([C@@H]([C@@H](CO)O)O)O)O)O,,12
OC[C@H]1O[C@@H](O)[C@H](O)[C@@H](O)[C@@H]1O,-5.635369496027945,C([C@@H]1[C@H]([C@@H]([C@H]([C@@H](O1)O)O)O)O)O,C1CCOCC1,12
OCc1ccccc1,-0.7326720507642581,c1ccc(cc1)CO,c1ccccc1,8
O[C@@H]1[C@@H](O)[C@@H](O)OC[C@H]1O,-4.347923747802202,C1[C@H]([C@@H]([C@H]([C@H](O1)O)O)O)O,C1CCOCC1,10
Oc1ccc(Br)cc1,-0.5324027121513647,c1cc(ccc1O)Br,c1ccccc1,8
Oc1ccc(Cl)c(Cl)c1,-0.90693238436249,c1cc(c(cc1O)Cl)Cl,c1ccccc1,9
Oc1ccc(Cl)cc1,-0.8393089713243702,c1cc(ccc1O)Cl,c1ccccc1,8
Oc1ccc(F)cc1,-0.6208333292012139,c1cc(ccc1O)F,c1ccccc1,8
Oc1ccc2ccccc2c1,-1.120206225482714,c1ccc2cc(ccc2c1)O,c1ccc2ccccc2c1,11
Oc1cccc(Cl)c1,-0.7326720507642581,c1cc(cc(c1)Cl)O,c1ccccc1,8
Oc1cccc2ccccc12,-1.0057666034182036,c1ccc2c(c1)cccc2O,c1ccc2ccccc2c1,11
Oc1ccccc1,-0.7274702497613257,c1ccc(cc1)O,c1ccccc1,7
Oc1ccccc1Cl,-0.1942856469607656,c1ccc(c(c1)O)Cl,c1ccccc1,8
Oc1ccccc1F,-0.3867522840692606,c1ccc(c(c1)O)F,c1ccccc1,8
Oc1ccccc1I,-0.62343422970268,c1ccc(c(c1)O)I,c1ccccc1,8
S,0.8070610461037009,S,,1
Sc1ccccc1,0.3258944533324637,c1ccc(cc1)S,c1ccccc1,7
[O-][S+2]1([O-])CCCC1,-1.2502512505560213,C1CC[S+2](C1)([O-])[O-],C1CC[SH2+2]C1,7
c1c[nH]cn1,-1.5155431017055685,c1cnc[nH]1,c1c[nH]cn1,5
c1cc2c3c(cccc3c1)CC2,0.1698404232444948,c1cc2cccc3c2c(c1)CC3,c1cc2c3c(cccc3c1)CC2,12
c1cc2ccc3cccc4ccc(c1)c2c34,-0.1864829454563671,c1cc2ccc3cccc4c3c2c(c1)cc4,c1cc2ccc3cccc4ccc(c1)c2c34,16
c1cc[nH]c1,-0.2541063584944871,c1cc[nH]c1,c1cc[nH]c1,5
c1ccc(-c2ccccc2)cc1,0.2868809458104714,c1ccc(cc1)c2ccccc2,c1ccc(-c2ccccc2)cc1,12
c1ccc(Cn2ccnc2)cc1,-0.9953630014123388,c1ccc(cc1)Cn2ccnc2,c1ccc(Cn2ccnc2)cc1,12
c1ccc(Oc2ccccc2)cc1,0.2426656372855469,c1ccc(cc1)Oc2ccccc2,c1ccc(Oc2ccccc2)cc1,13
c1ccc2c(c1)CCC2,0.6093926079922737,c1ccc2c(c1)CCC2,c1ccc2c(c1)CCC2,9
c1ccc2c(c1)Cc1ccccc1-2,0.1178224132151718,c1ccc-2c(c1)Cc3c2cccc3,c1ccc2c(c1)Cc1ccccc1-2,13
c1ccc2c(c1)Cc1ccccc1C2,0.0059836916521276,c1ccc2c(c1)Cc3ccccc3C2,c1ccc2c(c1)Cc1ccccc1C2,14
c1ccc2c(c1)Oc1ccccc1O2,0.1698404232444948,c1ccc2c(c1)Oc3ccccc3O2,c1ccc2c(c1)Oc1ccccc1O2,14
c1ccc2c(c1)ccc1ccccc12,-0.0200253133625338,c1ccc2c(c1)ccc3c2cccc3,c1ccc2c(c1)ccc1ccccc12,14
c1ccc2cc3ccccc3cc2c1,-0.0382316168727969,c1ccc2cc3ccccc3cc2c1,c1ccc2cc3ccccc3cc2c1,14
c1ccc2ccccc2c1,0.3649079608544558,c1ccc2ccccc2c1,c1ccc2ccccc2c1,10
c1ccc2ncccc2c1,-0.4985910056323048,c1ccc2c(c1)cccn2,c1ccc2ncccc2c1,10
c1ccccc1,0.755043036074378,c1ccccc1,c1ccccc1,6
c1ccncc1,-0.2306982539812918,c1ccncc1,c1ccncc1,6
c1ccsc1,0.6249980110010706,c1ccsc1,c1ccsc1,5
