task,task_type,split,model,metric,n,mean,std,ci95_low,ci95_high,boot_ci95_low,boot_ci95_high,median,min,max
bbbp,clf,random,mat_large_pretrained,roc_auc,5,0.860636905627454,0.025948951379352277,0.8284170269085723,0.8928567843463356,0.8393630943725462,0.8794314381270905,0.8639304929475063,0.8211065871746401,0.8854515050167224
bbbp,clf,random,mat_large_pretrained,pr_auc,5,0.936984547849038,0.01446646308486321,0.9190220614552195,0.9549470342428564,0.9256586020523028,0.948310493645773,0.9369302762441652,0.9186367068969342,0.9512823256788449
bbbp,clf,random,mat_large_pretrained,f1,5,0.9092213251592918,0.015496441228897453,0.8899799519850893,0.9284626983334943,0.8967465753424658,0.920938981042654,0.9142857142857144,0.8904109589041096,0.9289099526066352
bbbp,clf,random,mat_large_scratch,roc_auc,5,0.8477097571615531,0.024728665678007057,0.8170050632655546,0.8784144510575516,0.8298022393485531,0.8657626872182638,0.8538970481314527,0.8220154136978334,0.8824705540206486
bbbp,clf,random,mat_large_scratch,pr_auc,5,0.9301137340852543,0.015196258273924602,0.911245087279116,0.9489823808913926,0.9184710643058219,0.941756403864687,0.9305560169331368,0.910774013965116,0.9485898371723532
bbbp,clf,random,mat_large_scratch,f1,5,0.8961427379837275,0.012127785895552797,0.8810841028592962,0.9112013731081587,0.8868013646131337,0.9055637087795672,0.8955696202531646,0.8823529411764706,0.9115191986644408
esol,reg,random,mat_large_pretrained,rmse,5,0.5307556044361909,0.04972887240512518,0.46900905389947817,0.5925021549729035,0.4912963590349603,0.5702148498374215,0.5362952239270691,0.4762112618309878,0.5854996508901424
esol,reg,random,mat_large_pretrained,mae,5,0.4140053870173112,0.036837447127170554,0.36826565513376874,0.4597451189008537,0.385556547669485,0.44245422636513754,0.4236255716824812,0.3729494723988354,0.4579978622349956
esol,reg,random,mat_large_pretrained,r2,5,0.6922349475796019,0.05167325862977108,0.6280741226691431,0.7563957724900607,0.6594996425013171,0.7376539119858383,0.680469850247549,0.648873860893876,0.7809543969316272
esol,reg,random,mat_large_scratch,rmse,5,0.5838451680229703,0.13368804568199208,0.4178495347094202,0.7498408013365203,0.5163896159910968,0.7047607356492096,0.5207801432428447,0.512181488684174,0.8218802305230934
esol,reg,random,mat_large_scratch,mae,5,0.4508330666591651,0.10796206525040015,0.3167804570660173,0.5848856762523129,0.3912978982348245,0.5469981930918173,0.4053728823370463,0.3798943946457513,0.640931212136547
esol,reg,random,mat_large_scratch,r2,5,0.6126170334852873,0.19867086640998383,0.3659345711720604,0.8592994957985142,0.44222977207566616,0.7211625731062519,0.7114822701337669,0.2627281067035992,0.734805560587469
freesolv,reg,random,mat_large_pretrained,rmse,5,0.4037310828269957,0.046346971034630105,0.34618371746750276,0.46127844818648867,0.36475493317612556,0.43585626063492755,0.4181068743453822,0.3295975715707239,0.4446181973642115
freesolv,reg,random,mat_large_pretrained,mae,5,0.3132113844019094,0.054570979900571255,0.24545256331266868,0.38097020549115007,0.26652934651735216,0.35129986068147206,0.3162697437111028,0.2241437445618501,0.3654279348353834
freesolv,reg,random,mat_large_pretrained,r2,5,0.8108657386253373,0.04741447048714572,0.7519928976275534,0.8697385796231212,0.7758785586362964,0.8517229135738755,0.8099302453327815,0.7592485308432156,0.8867323254593441
freesolv,reg,random,mat_large_scratch,rmse,5,0.4093115016202706,0.036793196580744786,0.3636267140471259,0.4549962891934153,0.38296506842387373,0.438639278966381,0.4057279362126291,0.37239870273472,0.4656462119741579
freesolv,reg,random,mat_large_scratch,mae,5,0.3020958055178959,0.021800210223201312,0.2750272693304731,0.32916434170531866,0.2858076079365934,0.3183840030991984,0.3129266461559621,0.2772189028589993,0.3264438475936997
freesolv,reg,random,mat_large_scratch,r2,5,0.8098097723835659,0.017012856668024674,0.7886855207522787,0.8309340240148531,0.7969784054493191,0.8226411393178126,0.8155205129793444,0.791489698163307,0.8309978747233979
estrogen-alpha,clf,random,mat_large_pretrained,roc_auc,5,0.9548792405416725,0.009660557127484377,0.9428840745538843,0.9668744065294607,0.9473195588440596,0.9626413513890828,0.9562159709618876,0.9419935781097304,0.9686234817813766
estrogen-alpha,clf,random,mat_large_pretrained,pr_auc,5,0.9470562540086875,0.010727209274615079,0.9337366644512004,0.9603758435661747,0.9375916647131268,0.9546598629078187,0.949823943228083,0.9309479937414318,0.959394990732585
estrogen-alpha,clf,random,mat_large_pretrained,f1,5,0.871916706743691,0.03139710926969912,0.8329320465158359,0.9109013669715462,0.8480392429297821,0.8965902946585895,0.8757894736842106,0.8373205741626795,0.9182389937106918
estrogen-alpha,clf,random,mat_large_scratch,roc_auc,5,0.9399134440876727,0.011179007161980604,0.9260328733589793,0.9537940148163662,0.9310449532318861,0.9483020382521291,0.939812229512774,0.925589836660617,0.9557098980873936
estrogen-alpha,clf,random,mat_large_scratch,pr_auc,5,0.922325394521532,0.015953481403744897,0.9025165310164887,0.9421342580265752,0.9078723000744826,0.9319639822684097,0.9273590522804314,0.8948827401952135,0.9348600665347476
estrogen-alpha,clf,random,mat_large_scratch,f1,5,0.859401403215068,0.019227457092849693,0.8355273619658689,0.8832754444642671,0.8455808182459663,0.874719392144151,0.8565488565488566,0.8382687927107062,0.889344262295082
estrogen-beta,clf,random,mat_large_pretrained,roc_auc,5,0.8866594827586207,0.019870250273888772,0.8619873083582346,0.9113316571590069,0.8727801724137929,0.9039870689655171,0.8837015086206895,0.8626346982758619,0.9164870689655172
estrogen-beta,clf,random,mat_large_pretrained,pr_auc,5,0.9062928942155815,0.02207993589589493,0.8788770327310017,0.9337087557001612,0.8884407799305478,0.9215005013720539,0.9129739916674252,0.871362569631591,0.9282525385754976
estrogen-beta,clf,random,mat_large_pretrained,f1,5,0.7239555446836201,0.32478243921254035,0.3206848826646055,1.1272262067026348,0.4309790159884718,0.8820809545411749,0.854251012145749,0.144,0.9006342494714588
estrogen-beta,clf,random,mat_large_scratch,roc_auc,5,0.8731034482758622,0.028794878618024218,0.8373498841632141,0.9088570123885102,0.8512715517241378,0.8949353448275863,0.8704202586206897,0.8337015086206897,0.9020204741379312
estrogen-beta,clf,random,mat_large_scratch,pr_auc,5,0.8887280855011721,0.037060142741809264,0.842711840490375,0.9347443305119693,0.8611543099027794,0.9162838815639749,0.9049455970439464,0.8400048170591687,0.9293709880823144
estrogen-beta,clf,random,mat_large_scratch,f1,5,0.8347803072284595,0.03968055342147552,0.7855103926162121,0.8840502218407069,0.8023275362771306,0.8636525378947899,0.8400770712909441,0.7703016241299304,0.8725099601593626
metstab-high,clf,random,mat_large_pretrained,roc_auc,5,0.7902762430939226,0.08195395635986896,0.6885169659715107,0.8920355202163346,0.7166961325966852,0.8335027624309392,0.8264088397790055,0.6449723756906078,0.8391160220994475
metstab-high,clf,random,mat_large_pretrained,pr_auc,5,0.3855498625160002,0.11440909394439851,0.24349220949812803,0.5276075155338724,0.2864304717058733,0.46861021990874213,0.4109427115998574,0.2034223117765506,0.5148334051700588
metstab-high,clf,random,mat_large_pretrained,f1,5,0.21382858941279567,0.1456909825725167,0.03292934148956933,0.394727837336022,0.10633046826036349,0.3154567430957439,0.2647058823529412,0.0,0.3835616438356164
metstab-high,clf,random,mat_large_scratch,roc_auc,5,0.7439116022099448,0.08708906390436369,0.6357762469226292,0.8520469574972603,0.6735801104972375,0.8033149171270718,0.7450828729281768,0.6050276243093923,0.8191160220994474
metstab-high,clf,random,mat_large_scratch,pr_auc,5,0.3450596166483726,0.12001810225595991,0.19603745994440894,0.4940817733523363,0.2541154851526052,0.43377787888401614,0.3853773692224189,0.1671953811075301,0.4788436215028223
metstab-high,clf,random,mat_large_scratch,f1,5,0.199009009009009,0.20941886654996603,-0.06101885813072286,0.4590368761487409,0.03333333333333332,0.3646846846846846,0.1666666666666666,0.0,0.45
metstab-low,clf,random,mat_large_pretrained,roc_auc,5,0.7591676201372998,0.02531393603175628,0.7277362171138348,0.7905990231607647,0.7402841342486651,0.7780511060259344,0.7428966437833714,0.7383199847444699,0.7871138443935927
metstab-low,clf,random,mat_large_pretrained,pr_auc,5,0.7823892676292578,0.020653410627601967,0.7567446712128454,0.8080338640456701,0.7670758946018733,0.7995982693594805,0.7822069879704664,0.7569884990228113,0.8111924569521567
metstab-low,clf,random,mat_large_pretrained,f1,5,0.7055906582616112,0.07808290482113699,0.608637926470034,0.8025433900531883,0.6350407736162229,0.7454175908235854,0.7417218543046358,0.5666666666666667,0.7483221476510067
metstab-low,clf,random,mat_large_scratch,roc_auc,5,0.6917095728451563,0.04595202232249587,0.6346526010826574,0.7487665446076552,0.6550343249427918,0.7285898169336384,0.7032322654462243,0.6229023646071702,0.7397025171624713
metstab-low,clf,random,mat_large_scratch,pr_auc,5,0.7024544574817613,0.05468627268090076,0.6345524814979326,0.7703564334655899,0.6603132917042533,0.7500719875087883,0.6830910695434476,0.6514916249031917,0.7736626723120226
metstab-low,clf,random,mat_large_scratch,f1,5,0.7116108537826316,0.009906573969399025,0.6993102175392862,0.7239114900259769,0.7039189189189189,0.7197665727927809,0.7125,0.6981981981981982,0.7257383966244726
bbbp,clf,scaffold,mat_large_pretrained,roc_auc,5,0.8954648621484264,0.023971830500113492,0.8656999032453925,0.9252298210514602,0.8772831433429621,0.9161694306594248,0.8940208794685225,0.8642700501253133,0.9309346567411084
bbbp,clf,scaffold,mat_large_pretrained,pr_auc,5,0.9599815479572195,0.010903852401167596,0.946442626988962,0.973520468925477,0.9530918425952859,0.9696873345842011,0.9560949049367398,0.9522860855479311,0.978509953271781
bbbp,clf,scaffold,mat_large_pretrained,f1,5,0.9131368605081109,0.026358120681785027,0.8804089309972284,0.9458647900189935,0.8923277193096115,0.9339460017066104,0.905785123966942,0.8873720136518771,0.9409888357256778
bbbp,clf,scaffold,mat_large_scratch,roc_auc,5,0.8824551335110093,0.020642643841263367,0.8568239058255699,0.9080863611964488,0.864060513574314,0.8961448262583446,0.8849075814536342,0.8480688692415076,0.9032032567128584
bbbp,clf,scaffold,mat_large_scratch,pr_auc,5,0.9492827336809565,0.015396660732457206,0.9301652543569068,0.9684002130050062,0.9369469458197797,0.9609055563721588,0.9568011161428772,0.9299455203664724,0.9647688638959522
bbbp,clf,scaffold,mat_large_scratch,f1,5,0.9009846717987472,0.02490527177557581,0.8700606924695343,0.9319086511279601,0.8851701012071699,0.9222383935585203,0.8949152542372881,0.8805755395683453,0.9430379746835444
esol,reg,scaffold,mat_large_pretrained,rmse,5,0.7552148372192414,0.224755856985779,0.4761435812145651,1.0342860932239177,0.5775154499757476,0.9329142244627352,0.7190688040067392,0.5041937694504038,0.996199862278119
esol,reg,scaffold,mat_large_pretrained,mae,5,0.6684108837496622,0.23123759122300017,0.38129149169670357,0.9555302758026207,0.4862125707193915,0.8506091967799329,0.6160090127334058,0.4157607115311879,0.9158175776237732
esol,reg,scaffold,mat_large_pretrained,r2,5,-0.2749346752677795,0.718865895290003,-1.1675245769858946,0.6176552264503357,-0.8407945660468906,0.29092521551133155,-0.0793370781639113,-1.0716155335496964,0.4693463491923334
esol,reg,scaffold,mat_large_scratch,rmse,5,0.6069480990995396,0.016609817855423134,0.5863242862517386,0.6275719119473406,0.5963150806208356,0.6216470659900578,0.6038876545439625,0.5919325294703939,0.6346575092334736
esol,reg,scaffold,mat_large_scratch,mae,5,0.5229328094948481,0.022449754210455915,0.49505775792320156,0.5508078610664946,0.5093040980059993,0.542984155350523,0.5139686031701419,0.5072711868756432,0.5616150445014003
esol,reg,scaffold,mat_large_scratch,r2,5,0.23055171878406777,0.04261975256327334,0.17763230641389857,0.28347113115423694,0.19276223237437953,0.25767967095461636,0.2387478927063751,0.1591954622441376,0.2685904638303414
freesolv,reg,scaffold,mat_large_pretrained,rmse,5,0.4419424645197675,0.08516115886975557,0.3362009195058806,0.5476840095336544,0.3874076493716542,0.5164889214444839,0.4134229107872019,0.3717271872771515,0.5851995952160052
freesolv,reg,scaffold,mat_large_pretrained,mae,5,0.3408053902173905,0.09227748144167576,0.2262277636663455,0.45538301676843546,0.2829580062951304,0.42343101266183353,0.3050625104898293,0.2769755655409474,0.4980394088320042
freesolv,reg,scaffold,mat_large_pretrained,r2,5,0.6856206426240702,0.1290154472496223,0.5254268065620571,0.8458144786860833,0.5719344290042516,0.7650206072946742,0.7328233720715036,0.4646751336260837,0.783997867441547
freesolv,reg,scaffold,mat_large_scratch,rmse,5,0.44416994740240245,0.05526691806279179,0.3755470049521564,0.5127928898526485,0.402824675198894,0.4855152196059108,0.4611499012145498,0.3880623235448922,0.5158275911892595
freesolv,reg,scaffold,mat_large_scratch,mae,5,0.3389539878766395,0.06986624696299594,0.2522035843330742,0.4257043914202048,0.2897138629402769,0.3944114357331081,0.3276780919711056,0.2695113554547884,0.4479497935818998
freesolv,reg,scaffold,mat_large_scratch,r2,5,0.6877850111593883,0.07706146388911998,0.5921005657993884,0.7834694565193882,0.630553367132203,0.7450166551865737,0.6675750416270032,0.5840716475659553,0.7645968081396276
estrogen-alpha,clf,scaffold,mat_large_pretrained,roc_auc,5,0.9475255650002714,0.02200652429487566,0.9202008560577277,0.9748502739428151,0.9300474297983179,0.965003124260719,0.943627450980392,0.9245462713387242,0.9703492392807748
estrogen-alpha,clf,scaffold,mat_large_pretrained,pr_auc,5,0.9395655307946174,0.029680981778620254,0.9027117242887626,0.9764193373004721,0.9168401734259252,0.9619369005421378,0.923895512997,0.9089120712281008,0.9723469427228968
estrogen-alpha,clf,scaffold,mat_large_pretrained,f1,5,0.8602981149527839,0.03498457482324373,0.8168590279022963,0.9037372020032715,0.836952231964015,0.8909186242070618,0.854251012145749,0.8272921108742004,0.9173228346456692
estrogen-alpha,clf,scaffold,mat_large_scratch,roc_auc,5,0.9335638163500827,0.02137436977317917,0.9070240309184313,0.960103601781734,0.9154800290037969,0.9493984532185229,0.9418482207697894,0.9028391734052112,0.9542490627720626
estrogen-alpha,clf,scaffold,mat_large_scratch,pr_auc,5,0.9210708043018274,0.023014947236920023,0.8924939728971846,0.9496476357064703,0.903891005508109,0.9388111280313932,0.9079794754468492,0.8983535963407503,0.9489076860713154
estrogen-alpha,clf,scaffold,mat_large_scratch,f1,5,0.8609566594468137,0.030321287808491044,0.8233078079958356,0.8986055108977917,0.8405879132403051,0.8873243746747913,0.8571428571428571,0.8342644320297952,0.9121495327102804
estrogen-beta,clf,scaffold,mat_large_pretrained,roc_auc,5,0.8436748804782714,0.03495440541204823,0.8002732536995123,0.8870765072570306,0.8159997742612044,0.8713499866953388,0.843095665415783,0.8032742223102833,0.8822236180904522
estrogen-beta,clf,scaffold,mat_large_pretrained,pr_auc,5,0.8426959538118309,0.04355248208685144,0.788618404772173,0.8967735028514888,0.8084818350456505,0.8745760275670952,0.8637917473769652,0.7809860093167383,0.8852933301418422
estrogen-beta,clf,scaffold,mat_large_pretrained,f1,5,0.7828359911663247,0.07144356951940777,0.6941270829909082,0.8715448993417413,0.7187723481941014,0.8248850774379866,0.8105515587529976,0.6585365853658537,0.8300970873786407
estrogen-beta,clf,scaffold,mat_large_scratch,roc_auc,5,0.8370072087632391,0.016196739944555474,0.8168962998858157,0.8571181176406625,0.8253095174913264,0.8505008733771842,0.8324004359025163,0.8158975726860496,0.8578831658291457
estrogen-beta,clf,scaffold,mat_large_scratch,pr_auc,5,0.8444735163272945,0.01778358908050662,0.8223922740071798,0.8665547586474092,0.8311617928838706,0.857776790332737,0.8531499065390842,0.8247469090254909,0.8645501691353937
estrogen-beta,clf,scaffold,mat_large_scratch,f1,5,0.7879290550085634,0.04735045388319491,0.7291357011231925,0.8467224088939342,0.7482323331629243,0.8200291869682248,0.802784222737819,0.711864406779661,0.8337028824833703
metstab-high,clf,scaffold,mat_large_pretrained,roc_auc,5,0.7437820121127231,0.05632834624364207,0.6738411325036364,0.8137228917218098,0.6959184659506515,0.7847512995740955,0.7450468438027952,0.6524003623188406,0.8004433606739082
metstab-high,clf,scaffold,mat_large_pretrained,pr_auc,5,0.3094283392467374,0.02287339458719709,0.2810272686711059,0.3378294098223689,0.29247157376509747,0.3271862361179678,0.2998711899874582,0.2875890846719903,0.3346108021996321
metstab-high,clf,scaffold,mat_large_pretrained,f1,5,0.08727943720447465,0.11389843497211163,-0.054144148952149196,0.2287030233610985,0.011594202898550721,0.1860300618921308,0.0579710144927536,0.0,0.2758620689655172
metstab-high,clf,scaffold,mat_large_scratch,roc_auc,5,0.6928717174047649,0.07864636993953489,0.5952193512614296,0.7905240835481003,0.6266002559214173,0.7479281364898401,0.7119490093687606,0.5697010869565218,0.7714919086677012
metstab-high,clf,scaffold,mat_large_scratch,pr_auc,5,0.2707840851865775,0.05285693776231716,0.20515352851181112,0.33641464186134384,0.22940663759019989,0.3121615327829551,0.2517771114000433,0.2212535571897814,0.3295101835852608
metstab-high,clf,scaffold,mat_large_scratch,f1,5,0.036153846153846134,0.06502161679693588,-0.04458115452791045,0.11688884683560272,0.0,0.09615384615384613,0.0,0.0,0.15
metstab-low,clf,scaffold,mat_large_pretrained,roc_auc,5,0.7109647759505362,0.022915841349740368,0.6825110007580144,0.739418551143058,0.694194467514824,0.7305343562694798,0.7069999999999999,0.6846861924686193,0.7462239271157995
metstab-low,clf,scaffold,mat_large_pretrained,pr_auc,5,0.731334400086698,0.03651720038939585,0.6859923070479926,0.7766764931254034,0.702920267602335,0.7572538430347056,0.7421729802270858,0.6750197921630675,0.7720811356436847
metstab-low,clf,scaffold,mat_large_pretrained,f1,5,0.6860951090454971,0.04239519101364386,0.6334545266668836,0.7387356914241106,0.6540531867955558,0.7174543754004622,0.6729411764705883,0.6308411214953271,0.7348484848484849
metstab-low,clf,scaffold,mat_large_scratch,roc_auc,5,0.6648281491779656,0.06163744726086905,0.5882951499729612,0.7413611483829701,0.6192234665759038,0.7168930344616753,0.6345348837209303,0.6090158551458862,0.7441620714456965
metstab-low,clf,scaffold,mat_large_scratch,pr_auc,5,0.676284658679306,0.0628533555357693,0.5982419099442399,0.7543274074143721,0.6267320155635115,0.7258373017951003,0.6678645629981201,0.6038715364324145,0.7453565619284366
metstab-low,clf,scaffold,mat_large_scratch,f1,5,0.690797070332535,0.035618008395929164,0.6465714716195903,0.7350226690454797,0.6641434028798119,0.7197371123433969,0.6861788617886179,0.6506024096385542,0.7407407407407407
