task,task_type,split,metric,ablation,reference,model_mean,reference_mean,n_pairs,mean_diff,diff_ci95_low,diff_ci95_high,t_stat,t_p,wilcoxon_stat,wilcoxon_p,reference_better,t_p_holm,wilcoxon_p_holm,significant_t,significant_wilcoxon,significant_t_holm,significant_wilcoxon_holm,component,contribution,contribution_ci95_low,contribution_ci95_high
bbbp,clf,random,roc_auc,mat_nograph,mat,0.882581239452612,0.8917401020124963,25,-0.00915886255988418,-0.016632924696072075,-0.001684800423696284,-2.5291418400135273,0.01841689063785243,81.0,0.02747941017150879,True,0.03683378127570486,0.05495882034301758,True,True,True,False,graph structure,0.00915886255988418,0.001684800423696284,0.016632924696072075
bbbp,clf,random,roc_auc,mat_nodistance,mat,0.8866369351142127,0.8917401020124963,25,-0.0051031668982834824,-0.014778202720671804,0.004571868924104838,-1.0886180696863854,0.28713362644360624,125.0,0.475050524053953,True,0.28713362644360624,0.475050524053953,False,False,False,False,3D distances,0.0051031668982834824,-0.004571868924104838,0.014778202720671804
bbbp,clf,random,roc_auc,mat_noattention,mat,0.8551164435273121,0.8917401020124963,25,-0.036623658485184035,-0.047604780853005936,-0.025642536117362134,-6.883405314799341,4.0524010830622005e-07,13.0,5.245208740234375e-06,True,1.2157203249186603e-06,1.5735626220703125e-05,True,True,True,True,self-attention,0.036623658485184035,0.025642536117362134,0.047604780853005936
bbbp,clf,random,pr_auc,mat_nograph,mat,0.9494405162219386,0.9539254046036361,25,-0.004484888381697329,-0.008348780156995729,-0.0006209966063989293,-2.395604022665073,0.02474682429239479,99.0,0.09031611680984497,True,0.04949364858478958,0.18063223361968994,True,False,True,False,graph structure,0.004484888381697329,0.0006209966063989293,0.008348780156995729
bbbp,clf,random,pr_auc,mat_nodistance,mat,0.9518671968146531,0.953925404603636,25,-0.0020582077889825536,-0.0069308519187275,0.0028144363407623936,-0.8717919844138163,0.39195987704645197,130.0,0.39571136236190796,True,0.39195987704645197,0.39571136236190796,False,False,False,False,3D distances,0.0020582077889825536,-0.0028144363407623936,0.0069308519187275
bbbp,clf,random,pr_auc,mat_noattention,mat,0.9352929787149626,0.9539254046036361,25,-0.018632425888673153,-0.024468254290293416,-0.012796597487052893,-6.589542108639869,8.14607351136893e-07,17.0,1.233816146850586e-05,True,2.443822053410679e-06,3.701448440551758e-05,True,True,True,True,self-attention,0.018632425888673153,0.012796597487052893,0.024468254290293416
bbbp,clf,random,f1,mat_nograph,mat,0.9122977230973914,0.9182185461545465,25,-0.005920823057154832,-0.011149761174986393,-0.0006918849393232705,-2.3369904014820313,0.028113821139375546,77.0,0.02027493715286255,True,0.05622764227875109,0.0405498743057251,True,True,False,True,graph structure,0.005920823057154832,0.0006918849393232705,0.011149761174986393
bbbp,clf,random,f1,mat_nodistance,mat,0.9123280515166644,0.9182185461545462,25,-0.00589049463788208,-0.011658831067023548,-0.00012215820874061315,-2.107606510082118,0.04569739683820447,82.0,0.029578447341918945,True,0.05622764227875109,0.0405498743057251,True,True,False,True,3D distances,0.00589049463788208,0.00012215820874061315,0.011658831067023548
bbbp,clf,random,f1,mat_noattention,mat,0.9076581837337403,0.9182185461545462,25,-0.010560362420806092,-0.018297801209429535,-0.002822923632182647,-2.816890369797665,0.00954680818474537,70.0,0.011453330516815186,True,0.028640424554236113,0.03435999155044556,True,True,True,True,self-attention,0.010560362420806092,0.002822923632182647,0.018297801209429535
bbbp,clf,scaffold,roc_auc,mat_nograph,mat,0.8745758973316985,0.876468534700169,25,-0.0018926373684705843,-0.009044652661966511,0.005259377925025342,-0.5461693497806425,0.5899911761176738,150.0,0.7509929537773132,True,0.8126915311887621,1.0,False,False,False,False,graph structure,0.0018926373684705843,-0.005259377925025342,0.009044652661966511
bbbp,clf,scaffold,roc_auc,mat_nodistance,mat,0.8732525160854077,0.876468534700169,25,-0.0032160186147612447,-0.011069216378998192,0.004637179149475703,-0.845201711766596,0.40634576559438107,149.0,0.7309892177581787,True,0.8126915311887621,1.0,False,False,False,False,3D distances,0.0032160186147612447,-0.004637179149475703,0.011069216378998192
bbbp,clf,scaffold,roc_auc,mat_noattention,mat,0.8504023620764071,0.876468534700169,25,-0.026066172623762037,-0.037462154268512224,-0.014670190979011849,-4.72078122467961,8.44615355627526e-05,22.0,3.1948089599609375e-05,True,0.0002533846066882578,9.584426879882812e-05,True,True,True,True,self-attention,0.026066172623762037,0.014670190979011849,0.037462154268512224
bbbp,clf,scaffold,pr_auc,mat_nograph,mat,0.9492028019897328,0.9506358063221225,25,-0.001433004332389678,-0.005164584407209028,0.002298575742429672,-0.7925799583890633,0.4357877655627662,136.0,0.49078595638275146,True,0.8715755311255324,0.9815719127655029,False,False,False,False,graph structure,0.001433004332389678,-0.002298575742429672,0.005164584407209028
bbbp,clf,scaffold,pr_auc,mat_nodistance,mat,0.9487603722924995,0.9506358063221225,25,-0.0018754340296228999,-0.007078088668707552,0.0033272206094617516,-0.7439866500244869,0.46410692303427614,159.0,0.936802864074707,True,0.8715755311255324,0.9815719127655029,False,False,False,False,3D distances,0.0018754340296228999,-0.0033272206094617516,0.007078088668707552
bbbp,clf,scaffold,pr_auc,mat_noattention,mat,0.9337756186122483,0.9506358063221225,25,-0.016860187709874262,-0.024701174844331895,-0.00901920057541663,-4.4379255528003,0.00017344610041163794,11.0,3.2782554626464844e-06,True,0.0005203383012349138,9.834766387939453e-06,True,True,True,True,self-attention,0.016860187709874262,0.00901920057541663,0.024701174844331895
bbbp,clf,scaffold,f1,mat_nograph,mat,0.9045722225863833,0.9085074426100228,25,-0.00393522002363933,-0.01844126503188255,0.010570824984603893,-0.5598972664060837,0.5807383145000158,122.0,0.2872292995452881,True,1.0,0.8616878986358643,False,False,False,False,graph structure,0.00393522002363933,-0.010570824984603893,0.01844126503188255
bbbp,clf,scaffold,f1,mat_nodistance,mat,0.9071953253930662,0.9085074426100228,25,-0.001312117216956281,-0.0069322853828592,0.004308050948946638,-0.4818497875549528,0.6342775983125621,142.0,0.5964998602867126,True,1.0,1.0,False,False,False,False,3D distances,0.001312117216956281,-0.004308050948946638,0.0069322853828592
bbbp,clf,scaffold,f1,mat_noattention,mat,0.9067690527232503,0.9085074426100228,25,-0.001738389886772418,-0.010182077447955294,0.006705297674410459,-0.42491628934167563,0.6746831316697408,149.0,0.7309892177581787,True,1.0,1.0,False,False,False,False,self-attention,0.001738389886772418,-0.006705297674410459,0.010182077447955294
esol,reg,random,rmse,mat_nograph,mat,0.4108025766165014,0.385448560809561,25,0.025354015806940352,-0.003203292998456824,0.053911324612337524,1.8323896383943767,0.07933090693902438,99.0,0.09031611680984497,True,0.15866181387804876,0.18063223361968994,False,False,False,False,graph structure,-0.025354015806940352,-0.053911324612337524,0.003203292998456824
esol,reg,random,rmse,mat_nodistance,mat,0.39094930772686887,0.385448560809561,25,0.005500746917307844,-0.012647971189371277,0.023649465023986967,0.6255529224586546,0.5375118991073626,145.0,0.6528410911560059,True,0.5375118991073626,0.6528410911560059,False,False,False,False,3D distances,-0.005500746917307844,-0.023649465023986967,0.012647971189371277
esol,reg,random,rmse,mat_noattention,mat,0.45296068378080834,0.385448560809561,25,0.06751212297124733,0.046997872585539835,0.08802637335695482,6.792262494265444,5.02657348085114e-07,3.0,2.980232238769531e-07,True,1.5079720442553421e-06,8.940696716308594e-07,True,True,True,True,self-attention,-0.06751212297124733,-0.08802637335695482,-0.046997872585539835
esol,reg,random,mae,mat_nograph,mat,0.3133968948353472,0.29381306355934095,25,0.019583831276006252,-0.00386375123349586,0.043031413785508364,1.7238041996583386,0.09760359525147891,106.0,0.13364005088806152,True,0.19520719050295782,0.26728010177612305,False,False,False,False,graph structure,-0.019583831276006252,-0.043031413785508364,0.00386375123349586
esol,reg,random,mae,mat_nodistance,mat,0.29764093219607346,0.29381306355934095,25,0.0038278686367324965,-0.011493312625424437,0.01914904989888943,0.5156477453188876,0.6108182461911426,151.0,0.7711594104766846,True,0.6108182461911426,0.7711594104766846,False,False,False,False,3D distances,-0.0038278686367324965,-0.01914904989888943,0.011493312625424437
esol,reg,random,mae,mat_noattention,mat,0.34440526386323095,0.29381306355934095,25,0.05059220030388989,0.033494848409557396,0.06768955219822238,6.107212981409576,2.619215544073986e-06,5.0,5.960464477539062e-07,True,7.857646632221958e-06,1.7881393432617188e-06,True,True,True,True,self-attention,-0.05059220030388989,-0.06768955219822238,-0.033494848409557396
esol,reg,random,r2,mat_nograph,mat,0.8240305684111989,0.8486095947293856,25,-0.024579026318186807,-0.05511689609641188,0.005958843460038266,-1.6611707834478644,0.10968871184927076,99.0,0.09031611680984497,True,0.21937742369854152,0.18063223361968994,False,False,False,False,graph structure,0.024579026318186807,-0.005958843460038266,0.05511689609641188
esol,reg,random,r2,mat_nodistance,mat,0.8442001328914023,0.8486095947293856,25,-0.004409461837983324,-0.018889070823954537,0.010070147147987887,-0.6285171066280011,0.5356015646841541,147.0,0.6915188431739807,True,0.5356015646841541,0.6915188431739807,False,False,False,False,3D distances,0.004409461837983324,-0.010070147147987887,0.018889070823954537
esol,reg,random,r2,mat_noattention,mat,0.7902834118356512,0.8486095947293856,25,-0.058326182893734375,-0.07741713365935732,-0.03923523212811144,-6.305569924594756,1.6151259506245632e-06,3.0,2.980232238769531e-07,True,4.8453778518736895e-06,8.940696716308594e-07,True,True,True,True,self-attention,0.058326182893734375,0.03923523212811144,0.07741713365935732
esol,reg,scaffold,rmse,mat_nograph,mat,0.5242093975065565,0.4994069181587053,25,0.0248024793478512,-0.011249421247591339,0.06085437994329374,1.419891894889721,0.1684993215455151,120.0,0.2634761333465576,True,0.5054979646365454,0.7904284000396729,False,False,False,False,graph structure,-0.0248024793478512,-0.06085437994329374,0.011249421247591339
esol,reg,scaffold,rmse,mat_nodistance,mat,0.4931730560647671,0.4994069181587053,25,-0.006233862093938192,-0.041362094193766435,0.028894370005890055,-0.36625979276450354,0.7173802033023052,158.0,0.9158032536506653,False,1.0,0.9815719127655029,False,False,False,False,3D distances,0.006233862093938192,-0.028894370005890055,0.041362094193766435
esol,reg,scaffold,rmse,mat_noattention,mat,0.5103342163223402,0.4994069181587053,25,0.010927298163634955,-0.03362229501619525,0.05547689134346516,0.506241097901147,0.617306362026425,136.0,0.49078595638275146,True,1.0,0.9815719127655029,False,False,False,False,self-attention,-0.010927298163634955,-0.05547689134346516,0.03362229501619525
esol,reg,scaffold,mae,mat_nograph,mat,0.4119367204608537,0.38952780249215224,25,0.02240891796870149,-0.009411534956849096,0.054229370894252074,1.4534593103200797,0.1590483348951905,120.0,0.2634761333465576,True,0.47714500468557147,0.7904284000396729,False,False,False,False,graph structure,-0.02240891796870149,-0.054229370894252074,0.009411534956849096
esol,reg,scaffold,mae,mat_nodistance,mat,0.38333746008100184,0.38952780249215224,25,-0.006190342411150498,-0.03669479860452849,0.024314113782227496,-0.418831882049153,0.679063655457279,161.0,0.978915274143219,False,1.0,1.0,False,False,False,False,3D distances,0.006190342411150498,-0.024314113782227496,0.03669479860452849
esol,reg,scaffold,mae,mat_noattention,mat,0.38767446663884336,0.38952780249215224,25,-0.001853335853308913,-0.04349342316916749,0.03978675146254966,-0.09186093133866034,0.9275709969914989,149.0,0.7309892177581787,False,1.0,1.0,False,False,False,False,self-attention,0.001853335853308913,-0.03978675146254966,0.04349342316916749
esol,reg,scaffold,r2,mat_nograph,mat,0.6095735995799949,0.6662025213138378,25,-0.056628921733842826,-0.1353287130382882,0.02207086957060255,-1.4850909789696252,0.15053724919503192,123.0,0.2996123433113098,True,0.45161174758509576,0.8988370299339294,False,False,False,False,graph structure,0.056628921733842826,-0.02207086957060255,0.1353287130382882
esol,reg,scaffold,r2,mat_nodistance,mat,0.7094000874782661,0.6662025213138378,25,0.043197566164428415,-0.028357577725069562,0.1147527100539264,1.245967652727762,0.2248024006408368,158.0,0.9158032536506653,False,0.45161174758509576,1.0,False,False,False,False,3D distances,-0.043197566164428415,-0.1147527100539264,0.028357577725069562
esol,reg,scaffold,r2,mat_noattention,mat,0.6967942983146338,0.6662025213138378,25,0.030591777000796166,-0.052760989586159435,0.11394454358775177,0.7574832502256653,0.4561337675704208,147.0,0.6915188431739807,False,0.4561337675704208,1.0,False,False,False,False,self-attention,-0.030591777000796166,-0.11394454358775177,0.052760989586159435
estrogen-alpha,clf,random,roc_auc,mat_nograph,mat,0.9470412217664442,0.9530887183434659,25,-0.006047496577021678,-0.008719510287384043,-0.003375482866659312,-4.671165959351588,9.58204213409249e-05,18.0,1.5079975128173828e-05,True,0.0001916408426818498,3.0159950256347656e-05,True,True,True,True,graph structure,0.006047496577021678,0.003375482866659312,0.008719510287384043
estrogen-alpha,clf,random,roc_auc,mat_nodistance,mat,0.9516469995484869,0.9530887183434659,25,-0.0014417187949789278,-0.0038755769327391953,0.00099213934278134,-1.222569755017571,0.23336301799150694,115.0,0.20993918180465698,True,0.23336301799150694,0.20993918180465698,False,False,False,False,3D distances,0.0014417187949789278,-0.00099213934278134,0.0038755769327391953
estrogen-alpha,clf,random,roc_auc,mat_noattention,mat,0.9251069941375815,0.9530887183434659,25,-0.027981724205884295,-0.032094250935941405,-0.023869197475827185,-14.042812152030573,4.5220905210745057e-13,0.0,5.960464477539063e-08,True,1.3566271563223517e-12,1.7881393432617188e-07,True,True,True,True,self-attention,0.027981724205884295,0.023869197475827185,0.032094250935941405
estrogen-alpha,clf,random,pr_auc,mat_nograph,mat,0.9370879036521086,0.9428429064633286,25,-0.0057550028112198955,-0.010147390434115312,-0.0013626151883244786,-2.70416526135557,0.012387783358079184,80.0,0.02550506591796875,True,0.024775566716158368,0.0510101318359375,True,True,True,False,graph structure,0.0057550028112198955,0.0013626151883244786,0.010147390434115312
estrogen-alpha,clf,random,pr_auc,mat_nodistance,mat,0.9413765642267756,0.9428429064633286,25,-0.0014663422365529177,-0.004951065795885318,0.0020183813227794825,-0.8684710799429303,0.39373840570018714,140.0,0.5601714849472046,True,0.39373840570018714,0.5601714849472046,False,False,False,False,3D distances,0.0014663422365529177,-0.0020183813227794825,0.004951065795885318
estrogen-alpha,clf,random,pr_auc,mat_noattention,mat,0.8987356978376301,0.9428429064633286,25,-0.044107208625698745,-0.05200817941566715,-0.03620623783573034,-11.521723957717693,2.887123263657193e-11,0.0,5.960464477539063e-08,True,8.66136979097158e-11,1.7881393432617188e-07,True,True,True,True,self-attention,0.044107208625698745,0.03620623783573034,0.05200817941566715
estrogen-alpha,clf,random,f1,mat_nograph,mat,0.8628037397574181,0.8796625866598283,25,-0.016858846902410303,-0.027015605134230992,-0.0067020886705896135,-3.4257928640637068,0.0022126481297635174,38.0,0.0003764033317565918,True,0.004425296259527035,0.0007528066635131836,True,True,True,True,graph structure,0.016858846902410303,0.0067020886705896135,0.027015605134230992
estrogen-alpha,clf,random,f1,mat_nodistance,mat,0.8820969393751673,0.8796625866598283,25,0.0024343527153390765,-0.003509090823308536,0.00837779625398669,0.8453444598258638,0.4062676508010299,134.0,0.457846462726593,False,0.4062676508010299,0.457846462726593,False,False,False,False,3D distances,-0.0024343527153390765,-0.00837779625398669,0.003509090823308536
estrogen-alpha,clf,random,f1,mat_noattention,mat,0.8516838835008497,0.8796625866598283,25,-0.027978703158978668,-0.03632054263448058,-0.019636863683476752,-6.922358716637731,3.697113490661806e-07,2.0,1.7881393432617188e-07,True,1.1091340471985418e-06,5.364418029785156e-07,True,True,True,True,self-attention,0.027978703158978668,0.019636863683476752,0.03632054263448058
estrogen-alpha,clf,scaffold,roc_auc,mat_nograph,mat,0.9286746126381309,0.9369245008403378,25,-0.008249888202206982,-0.012279311659638477,-0.004220464744775487,-4.225649791839095,0.00029749344523101993,38.0,0.0003764033317565918,True,0.0005949868904620399,0.0007528066635131836,True,True,True,True,graph structure,0.008249888202206982,0.004220464744775487,0.012279311659638477
estrogen-alpha,clf,scaffold,roc_auc,mat_nodistance,mat,0.9322030778643813,0.9369245008403378,25,-0.004721422975956644,-0.009779344370889329,0.0003364984189760398,-1.9265894678942705,0.06595262575253931,96.0,0.07547956705093384,True,0.06595262575253931,0.07547956705093384,False,False,False,False,3D distances,0.004721422975956644,-0.0003364984189760398,0.009779344370889329
estrogen-alpha,clf,scaffold,roc_auc,mat_noattention,mat,0.9120400016776997,0.9369245008403378,25,-0.024884499162638005,-0.03087614434552466,-0.01889285397975135,-8.571782951249205,9.10274605081762e-09,0.0,5.960464477539063e-08,True,2.730823815245286e-08,1.7881393432617188e-07,True,True,True,True,self-attention,0.024884499162638005,0.01889285397975135,0.03087614434552466
estrogen-alpha,clf,scaffold,pr_auc,mat_nograph,mat,0.9120568996397417,0.91946828648722,25,-0.007411386847478179,-0.014145863206823713,-0.0006769104881326447,-2.2713496696669027,0.032379033128106555,75.0,0.017312347888946533,True,0.06475806625621311,0.034624695777893066,True,True,False,True,graph structure,0.007411386847478179,0.0006769104881326447,0.014145863206823713
estrogen-alpha,clf,scaffold,pr_auc,mat_nodistance,mat,0.9165092336960712,0.91946828648722,25,-0.0029590527911488086,-0.010068190151256312,0.0041500845689586945,-0.8590613023885999,0.3988060280987008,121.0,0.2751842737197876,True,0.3988060280987008,0.2751842737197876,False,False,False,False,3D distances,0.0029590527911488086,-0.0041500845689586945,0.010068190151256312
estrogen-alpha,clf,scaffold,pr_auc,mat_noattention,mat,0.8800944215108251,0.91946828648722,25,-0.03937386497639475,-0.049233700408515615,-0.029514029544273887,-8.241888401684724,1.8552515794144718e-08,0.0,5.960464477539063e-08,True,5.565754738243415e-08,1.7881393432617188e-07,True,True,True,True,self-attention,0.03937386497639475,0.029514029544273887,0.049233700408515615
estrogen-alpha,clf,scaffold,f1,mat_nograph,mat,0.8406752597629032,0.8547599923180533,25,-0.014084732555150152,-0.0253450532059373,-0.0028244119043630035,-2.5815836123154865,0.016371075351575698,76.0,0.018744707107543945,True,0.032742150703151396,0.03748941421508789,True,True,True,True,graph structure,0.014084732555150152,0.0028244119043630035,0.0253450532059373
estrogen-alpha,clf,scaffold,f1,mat_nodistance,mat,0.8474011928145831,0.8547599923180533,25,-0.007358799503470199,-0.021721799676184032,0.0070042006692436366,-1.0574264100737285,0.30084492449923583,127.0,0.3525196313858032,True,0.30084492449923583,0.3525196313858032,False,False,False,False,3D distances,0.007358799503470199,-0.0070042006692436366,0.021721799676184032
estrogen-alpha,clf,scaffold,f1,mat_noattention,mat,0.8193324542609838,0.8547599923180533,25,-0.03542753805706961,-0.052457746786973874,-0.018397329327165337,-4.293479075779885,0.00025041554003465977,33.0,0.00018787384033203125,True,0.0007512466201039794,0.0005636215209960938,True,True,True,True,self-attention,0.03542753805706961,0.018397329327165337,0.052457746786973874
estrogen-beta,clf,random,roc_auc,mat_nograph,mat,0.8781014677899919,0.8928898937880316,25,-0.014788425998039938,-0.020400581173090973,-0.009176270822988903,-5.438518749763454,1.3752261488222695e-05,12.0,8.051662013688954e-05,True,2.750452297644539e-05,0.00016103324027377908,True,True,True,True,graph structure,0.014788425998039938,0.009176270822988903,0.020400581173090973
estrogen-beta,clf,random,roc_auc,mat_nodistance,mat,0.8882608119931221,0.8928898937880316,25,-0.004629081794909613,-0.010605827460237156,0.0013476638704179285,-1.598521301248783,0.12301072109576655,99.0,0.09031611680984497,True,0.12301072109576655,0.09031611680984497,False,False,False,False,3D distances,0.004629081794909613,-0.0013476638704179285,0.010605827460237156
estrogen-beta,clf,random,roc_auc,mat_noattention,mat,0.8522576830497088,0.8928898937880316,25,-0.04063221073832285,-0.04762471177697952,-0.033639709699666176,-11.992956573761422,1.2651522166051357e-11,0.0,5.960464477539063e-08,True,3.7954566498154074e-11,1.7881393432617188e-07,True,True,True,True,self-attention,0.04063221073832285,0.033639709699666176,0.04762471177697952
estrogen-beta,clf,random,pr_auc,mat_nograph,mat,0.904503012600381,0.9170221380360022,25,-0.012519125435621193,-0.018573804310396395,-0.006464446560845989,-4.267477353268989,0.0002675155645560706,38.0,0.0003764033317565918,True,0.0005350311291121412,0.0007528066635131836,True,True,True,True,graph structure,0.012519125435621193,0.006464446560845989,0.018573804310396395
estrogen-beta,clf,random,pr_auc,mat_nodistance,mat,0.9126443362854217,0.9170221380360022,25,-0.004377801750580477,-0.011056908794459041,0.0023013052932980864,-1.3527764530135225,0.18873506124538525,124.0,0.312333345413208,True,0.18873506124538525,0.312333345413208,False,False,False,False,3D distances,0.004377801750580477,-0.0023013052932980864,0.011056908794459041
estrogen-beta,clf,random,pr_auc,mat_noattention,mat,0.8556504759303682,0.9170221380360022,25,-0.06137166210563416,-0.07010450805645393,-0.05263881615481438,-14.504422253394813,2.251179749769135e-13,0.0,5.960464477539063e-08,True,6.753539249307406e-13,1.7881393432617188e-07,True,True,True,True,self-attention,0.06137166210563416,0.05263881615481438,0.07010450805645393
estrogen-beta,clf,random,f1,mat_nograph,mat,0.8428270685847511,0.862741796799789,25,-0.019914728215037907,-0.029477848006667133,-0.010351608423408683,-4.297967589426937,0.0002475758073086035,35.0,0.0002498030662536621,True,0.000495151614617207,0.0004996061325073242,True,True,True,True,graph structure,0.019914728215037907,0.010351608423408683,0.029477848006667133
estrogen-beta,clf,random,f1,mat_nodistance,mat,0.8542200209832739,0.862741796799789,25,-0.008521775816515188,-0.01868721844418285,0.0016436668111524718,-1.7301834749774712,0.09643865992708422,111.0,0.17295855283737183,True,0.09643865992708422,0.17295855283737183,False,False,False,False,3D distances,0.008521775816515188,-0.0016436668111524718,0.01868721844418285
estrogen-beta,clf,random,f1,mat_noattention,mat,0.8357609734562932,0.862741796799789,25,-0.026980823343495677,-0.03579472384123447,-0.018166922845756883,-6.317938636187986,1.5673853211129205e-06,1.0,1.1920928955078125e-07,True,4.702155963338762e-06,3.5762786865234375e-07,True,True,True,True,self-attention,0.026980823343495677,0.018166922845756883,0.03579472384123447
freesolv,reg,random,rmse,mat_nograph,mat,0.3759514864682525,0.3685804545577206,25,0.007371031910531893,-0.010782777248359052,0.02552484106942284,0.8380093689819537,0.4102939038737713,153.0,0.8119303584098816,True,0.4310918792597712,0.915692925453186,False,False,False,False,graph structure,-0.007371031910531893,-0.02552484106942284,0.010782777248359052
freesolv,reg,random,rmse,mat_nodistance,mat,0.37988215659402164,0.3685804545577206,25,0.011301702036300985,-0.0070353994386122085,0.02963880351121418,1.2720421822708212,0.2155459396298856,134.0,0.457846462726593,True,0.4310918792597712,0.915692925453186,False,False,False,False,3D distances,-0.011301702036300985,-0.02963880351121418,0.0070353994386122085
freesolv,reg,random,rmse,mat_noattention,mat,0.4576918850427463,0.3685804545577206,25,0.08911143048502573,0.05964855941307476,0.11857430155697671,6.242329634254525,1.8834150221840818e-06,14.0,6.556510925292969e-06,True,5.6502450665522455e-06,1.9669532775878906e-05,True,True,True,True,self-attention,-0.08911143048502573,-0.11857430155697671,-0.05964855941307476
freesolv,reg,random,mae,mat_nograph,mat,0.2645525202331317,0.2641047468079811,25,0.0004477734251506005,-0.01467766003899887,0.015573206889300072,0.06109966569183171,0.9517858058678994,157.0,0.8948604464530945,True,0.9517858058678994,0.8948604464530945,False,False,False,False,graph structure,-0.0004477734251506005,-0.015573206889300072,0.01467766003899887
freesolv,reg,random,mae,mat_nodistance,mat,0.27130555607958484,0.2641047468079811,25,0.007200809271603771,-0.005948351502827941,0.020349970046035483,1.1302424659008734,0.26954344255732937,111.0,0.17295855283737183,True,0.5390868851146587,0.34591710567474365,False,False,False,False,3D distances,-0.007200809271603771,-0.020349970046035483,0.005948351502827941
freesolv,reg,random,mae,mat_noattention,mat,0.3365992790761243,0.2641047468079811,25,0.07249453226814322,0.053722352233272166,0.09126671230301427,7.970377473270631,3.3699722617599325e-08,3.0,2.980232238769531e-07,True,1.0109916785279798e-07,8.940696716308594e-07,True,True,True,True,self-attention,-0.07249453226814322,-0.09126671230301427,-0.053722352233272166
freesolv,reg,random,r2,mat_nograph,mat,0.8522819693242346,0.8585074805920762,25,-0.006225511267841508,-0.020201485663990357,0.00775046312830734,-0.9193508364352528,0.3670604252227285,149.0,0.7309892177581787,True,0.4330440804001661,1.0,False,False,False,False,graph structure,0.006225511267841508,-0.00775046312830734,0.020201485663990357
freesolv,reg,random,r2,mat_nodistance,mat,0.8494052765593005,0.8585074805920762,25,-0.009102204032775734,-0.023903059232650854,0.005698651167099387,-1.2692527260890378,0.21652204020008306,137.0,0.507703959941864,True,0.4330440804001661,1.0,False,False,False,False,3D distances,0.009102204032775734,-0.005698651167099387,0.023903059232650854
freesolv,reg,random,r2,mat_noattention,mat,0.7793317394398878,0.8585074805920762,25,-0.07917574115218834,-0.11034052695275692,-0.04801095535161975,-5.24344044350379,2.2462909588121775e-05,14.0,6.556510925292969e-06,True,6.738872876436533e-05,1.9669532775878906e-05,True,True,True,True,self-attention,0.07917574115218834,0.04801095535161975,0.11034052695275692
estrogen-beta,clf,scaffold,roc_auc,mat_nograph,mat,0.845431691956035,0.8521335868986831,25,-0.006701894942648074,-0.01733238392516543,0.00392859403986928,-1.3011660474942675,0.2055552890468518,119.0,0.25210392475128174,True,0.40606223409004727,0.5042078495025635,False,False,False,False,graph structure,0.006701894942648074,-0.00392859403986928,0.01733238392516543
estrogen-beta,clf,scaffold,roc_auc,mat_nodistance,mat,0.858320013731049,0.8521335868986831,25,0.006186426832365797,-0.003569965675743413,0.015942819340475006,1.3086965730749622,0.20303111704502363,124.0,0.312333345413208,False,0.40606223409004727,0.5042078495025635,False,False,False,False,3D distances,-0.006186426832365797,-0.015942819340475006,0.003569965675743413
estrogen-beta,clf,scaffold,roc_auc,mat_noattention,mat,0.83330347519413,0.8521335868986831,25,-0.018830111704553273,-0.03286849689607861,-0.004791726513027936,-2.7683697186043483,0.010684544736728183,68.0,0.00963503122329712,True,0.03205363421018455,0.028905093669891357,True,True,True,True,self-attention,0.018830111704553273,0.004791726513027936,0.03286849689607861
estrogen-beta,clf,scaffold,pr_auc,mat_nograph,mat,0.872760141327323,0.8751069633551214,25,-0.0023468220277983497,-0.013601041976918662,0.00890739792132196,-0.43038101525184513,0.6707587168126612,147.0,0.6915188431739807,True,0.6707587168126612,0.6915188431739807,False,False,False,False,graph structure,0.0023468220277983497,-0.00890739792132196,0.013601041976918662
estrogen-beta,clf,scaffold,pr_auc,mat_nodistance,mat,0.8871610515961298,0.8751069633551214,25,0.012054088241008273,0.001590242595267041,0.022517933886749504,2.3775594771392377,0.025741638159917098,95.0,0.0709836483001709,False,0.051483276319834195,0.1419672966003418,True,False,False,False,3D distances,-0.012054088241008273,-0.022517933886749504,-0.001590242595267041
estrogen-beta,clf,scaffold,pr_auc,mat_noattention,mat,0.8422248808965894,0.8751069633551214,25,-0.032882082458532046,-0.04866955932816887,-0.01709460558889522,-4.298678202342754,0.0002471291754420639,40.0,0.0004894733428955078,True,0.0007413875263261916,0.0014684200286865234,True,True,True,True,self-attention,0.032882082458532046,0.01709460558889522,0.04866955932816887
estrogen-beta,clf,scaffold,f1,mat_nograph,mat,0.7934469240454066,0.8027330002042473,25,-0.009286076158840537,-0.02131357291211316,0.0027414205944320865,-1.5934753191418982,0.12413991414072595,85.0,0.036682069301605225,True,0.37241974242217785,0.11004620790481567,False,True,False,False,graph structure,0.009286076158840537,-0.0027414205944320865,0.02131357291211316
estrogen-beta,clf,scaffold,f1,mat_nodistance,mat,0.8078117901594305,0.8027330002042473,25,0.005078789955183396,-0.011320660894367283,0.021478240804734074,0.639174285741467,0.5287634778720044,156.0,0.8739878535270691,False,0.6373364925045566,1.0,False,False,False,False,3D distances,-0.005078789955183396,-0.021478240804734074,0.011320660894367283
estrogen-beta,clf,scaffold,f1,mat_noattention,mat,0.8180369054221889,0.8027330002042473,25,0.015303905217941734,-0.015712654961130564,0.04632046539701403,1.0183498035966356,0.3186682462522783,139.0,0.5424043536186218,False,0.6373364925045566,1.0,False,False,False,False,self-attention,-0.015303905217941734,-0.04632046539701403,0.015712654961130564
freesolv,reg,scaffold,rmse,mat_nograph,mat,0.44550186244804046,0.4314877542857346,25,0.01401410816230589,-0.004754119559716474,0.03278233588432825,1.5410990375369318,0.13637568136230627,95.0,0.0709836483001709,True,0.27275136272461253,0.2129509449005127,False,False,False,False,graph structure,-0.01401410816230589,-0.03278233588432825,0.004754119559716474
freesolv,reg,scaffold,rmse,mat_nodistance,mat,0.4240876168094797,0.4314877542857346,25,-0.007400137476254915,-0.021871721298051996,0.007071446345542165,-1.055387805589583,0.3017569582665674,122.0,0.2872292995452881,False,0.3017569582665674,0.2872292995452881,False,False,False,False,3D distances,0.007400137476254915,-0.007071446345542165,0.021871721298051996
freesolv,reg,scaffold,rmse,mat_noattention,mat,0.4768650815335898,0.4314877542857346,25,0.045377327247855204,-0.006571221823026073,0.09732587631873649,1.8028261060686355,0.08398761130238644,103.0,0.1134914755821228,True,0.25196283390715934,0.2269829511642456,False,False,False,False,self-attention,-0.045377327247855204,-0.09732587631873649,0.006571221823026073
freesolv,reg,scaffold,mae,mat_nograph,mat,0.30101253003582973,0.29396559825113694,25,0.007046931784692813,-0.009066465204641747,0.023160328774027374,0.9026124276553871,0.37570188781998126,117.0,0.23036134243011475,True,0.7514037756399625,0.4607226848602295,False,False,False,False,graph structure,-0.007046931784692813,-0.023160328774027374,0.009066465204641747
freesolv,reg,scaffold,mae,mat_nodistance,mat,0.2889446493894375,0.29396559825113694,25,-0.005020948861699439,-0.017606435343421028,0.007564537620022149,-0.8233872523497228,0.41839493915861425,128.0,0.3665854334831238,False,0.7514037756399625,0.4607226848602295,False,False,False,False,3D distances,0.005020948861699439,-0.007564537620022149,0.017606435343421028
freesolv,reg,scaffold,mae,mat_noattention,mat,0.35149987958579226,0.29396559825113694,25,0.05753428133465529,0.02200540610243406,0.09306315656687653,3.342208829149954,0.0027166620834206813,52.0,0.002025127410888672,True,0.008149986250262043,0.006075382232666016,True,True,True,True,self-attention,-0.05753428133465529,-0.09306315656687653,-0.02200540610243406
freesolv,reg,scaffold,r2,mat_nograph,mat,0.7812119395480168,0.7930875708862081,25,-0.011875631338191339,-0.034415199307545094,0.010663936631162415,-1.0874253876845934,0.2876495302935758,94.0,0.06670159101486206,True,0.4642819280147803,0.20010477304458618,False,False,False,False,graph structure,0.011875631338191339,-0.010663936631162415,0.034415199307545094
freesolv,reg,scaffold,r2,mat_nodistance,mat,0.8026510513214977,0.7930875708862081,25,0.009563480435289633,-0.0065377846649241865,0.025664745535503453,1.2258697308380988,0.23214096400739015,123.0,0.2996123433113098,False,0.4642819280147803,0.34591710567474365,False,False,False,False,3D distances,-0.009563480435289633,-0.025664745535503453,0.0065377846649241865
freesolv,reg,scaffold,r2,mat_noattention,mat,0.7564847184220587,0.7930875708862081,25,-0.03660285246414957,-0.08668296561276805,0.013477260684468903,-1.508474518179577,0.14448581291910964,111.0,0.17295855283737183,True,0.4334574387573289,0.34591710567474365,False,False,False,False,self-attention,0.03660285246414957,-0.013477260684468903,0.08668296561276805
metstab-high,clf,random,roc_auc,mat_nograph,mat,0.777501905988823,0.7909919789124384,25,-0.013490072923615468,-0.03484725574685206,0.007867109899621125,-1.303643010117179,0.2047223675548002,88.0,0.04512268304824829,True,0.4094447351096004,0.09024536609649658,False,True,False,False,graph structure,0.013490072923615468,-0.007867109899621125,0.03484725574685206
metstab-high,clf,random,roc_auc,mat_nodistance,mat,0.7887933342755997,0.7909919789124384,25,-0.002198644636838818,-0.021759573429944317,0.017362284156266682,-0.23198180165668802,0.8185188115971208,123.0,0.2996123433113098,True,0.8185188115971208,0.2996123433113098,False,False,False,False,3D distances,0.002198644636838818,-0.017362284156266682,0.021759573429944317
metstab-high,clf,random,roc_auc,mat_noattention,mat,0.7335122542342721,0.7909919789124384,25,-0.05747972467816649,-0.08957226947362958,-0.025387179882703406,-3.6965694631612225,0.0011299511790991252,36.0,0.00028705596923828125,True,0.003389853537297376,0.0008611679077148438,True,True,True,True,self-attention,0.05747972467816649,0.025387179882703406,0.08957226947362958
metstab-high,clf,random,pr_auc,mat_nograph,mat,0.3871699536955188,0.4118741837327057,25,-0.024704230037186806,-0.05247465796992276,0.003066197895549145,-1.8360186945399488,0.07877494262547392,96.0,0.07547956705093384,True,0.15754988525094785,0.15095913410186768,False,False,False,False,graph structure,0.024704230037186806,-0.003066197895549145,0.05247465796992276
metstab-high,clf,random,pr_auc,mat_nodistance,mat,0.4144779586754331,0.4118741837327057,25,0.002603774942727326,-0.022063645530055045,0.027271195415509698,0.21785526237036065,0.8293835410908901,153.0,0.8119303584098816,False,0.8293835410908901,0.8119303584098816,False,False,False,False,3D distances,-0.002603774942727326,-0.027271195415509698,0.022063645530055045
metstab-high,clf,random,pr_auc,mat_noattention,mat,0.3282531133532817,0.4118741837327057,25,-0.08362107037942389,-0.13283092956960973,-0.03441121118923805,-3.507130679055224,0.001810145822548027,43.0,0.0007149577140808105,True,0.005430437467644081,0.0021448731422424316,True,True,True,True,self-attention,0.08362107037942389,0.03441121118923805,0.13283092956960973
metstab-high,clf,random,f1,mat_nograph,mat,0.24710710621118806,0.30775875086741555,25,-0.06065164465622746,-0.13503439206362536,0.013731102751170447,-1.6829015669554537,0.10536025575682538,89.0,0.08135857180414459,True,0.21072051151365076,0.16271714360828918,False,False,False,False,graph structure,0.06065164465622746,-0.013731102751170447,0.13503439206362536
metstab-high,clf,random,f1,mat_nodistance,mat,0.3187343233872792,0.30775875086741555,25,0.01097557251986361,-0.0505672917818414,0.07251843682156862,0.368076276491456,0.7160428678349298,132.0,0.6070522480710051,False,0.7160428678349298,0.6070522480710051,False,False,False,False,3D distances,-0.01097557251986361,-0.07251843682156862,0.0505672917818414
metstab-high,clf,random,f1,mat_noattention,mat,0.1065771372815978,0.30775875086741555,25,-0.20118161358581774,-0.27035830009147155,-0.13200492708016393,-6.002288688282832,3.3881870024637595e-06,10.0,9.896561114846671e-05,True,1.0164561007391278e-05,0.00029689683344540015,True,True,True,True,self-attention,0.20118161358581774,0.13200492708016393,0.27035830009147155
metstab-low,clf,random,roc_auc,mat_nograph,mat,0.7545945769924933,0.7647341588409132,25,-0.010139581848420036,-0.018998846332902636,-0.001280317363937437,-2.362167697907473,0.02661911417210222,86.0,0.03933870792388916,True,0.05323822834420444,0.07867741584777832,True,True,False,False,graph structure,0.010139581848420036,0.001280317363937437,0.018998846332902636
metstab-low,clf,random,roc_auc,mat_nodistance,mat,0.7714532195004022,0.7647341588409132,25,0.006719060659489058,-0.0028512498824290466,0.016289371201407162,1.44900832317522,0.16027646396463988,115.0,0.20993918180465698,False,0.16027646396463988,0.20993918180465698,False,False,False,False,3D distances,-0.006719060659489058,-0.016289371201407162,0.0028512498824290466
metstab-low,clf,random,roc_auc,mat_noattention,mat,0.6445878167293977,0.7647341588409132,25,-0.12014634211151541,-0.15477711433223382,-0.085515569890797,-7.160390796035234,2.1191381787372285e-07,6.0,8.344650268554688e-07,True,6.357414536211686e-07,2.5033950805664062e-06,True,True,True,True,self-attention,0.12014634211151541,0.085515569890797,0.15477711433223382
metstab-low,clf,random,pr_auc,mat_nograph,mat,0.7789614366856772,0.7855379332826341,25,-0.006576496596956991,-0.01486550743096422,0.0017125142370502363,-1.6374959737444674,0.11457348428138675,112.0,0.18172985315322876,True,0.2291469685627735,0.2269829511642456,False,False,False,False,graph structure,0.006576496596956991,-0.0017125142370502363,0.01486550743096422
metstab-low,clf,random,pr_auc,mat_nodistance,mat,0.7932140631859902,0.7855379332826341,25,0.00767612990335603,-0.0029032052425404476,0.018255465049252507,1.4975188183306065,0.1472959258217191,103.0,0.1134914755821228,False,0.2291469685627735,0.2269829511642456,False,False,False,False,3D distances,-0.00767612990335603,-0.018255465049252507,0.0029032052425404476
metstab-low,clf,random,pr_auc,mat_noattention,mat,0.6825315498822618,0.7855379332826341,25,-0.10300638340037219,-0.13634222358546416,-0.06967054321528021,-6.377362183107851,1.3573007458883455e-06,9.0,1.9669532775878906e-06,True,4.071902237665036e-06,5.900859832763672e-06,True,True,True,True,self-attention,0.10300638340037219,0.06967054321528021,0.13634222358546416
metstab-low,clf,random,f1,mat_nograph,mat,0.727640584438413,0.7283610502632016,25,-0.0007204658247887119,-0.01845387409171177,0.017012942442134343,-0.08385124602680641,0.9338702067889507,140.0,0.7750969621959847,True,1.0,1.0,False,False,False,False,graph structure,0.0007204658247887119,-0.017012942442134343,0.01845387409171177
metstab-low,clf,random,f1,mat_nodistance,mat,0.7321194498703433,0.7283610502632016,25,0.0037583996071414738,-0.01603514635323803,0.02355194556752098,0.3918931735995969,0.6985954304390192,128.0,0.5296296702875958,False,1.0,1.0,False,False,False,False,3D distances,-0.0037583996071414738,-0.02355194556752098,0.01603514635323803
metstab-low,clf,random,f1,mat_noattention,mat,0.6846496056154884,0.7283610502632016,25,-0.04371144464771335,-0.08369208660235902,-0.003730802693067671,-2.256491725106367,0.033422893977828154,73.0,0.014722049236297607,True,0.10026868193348445,0.04416614770889282,True,True,False,True,self-attention,0.04371144464771335,0.003730802693067671,0.08369208660235902
metstab-high,clf,scaffold,roc_auc,mat_nograph,mat,0.7355850412340064,0.751463304548002,25,-0.015878263313995906,-0.029544947711890288,-0.0022115789161015233,-2.3978840705472164,0.024623672592916757,74.0,0.01597297191619873,True,0.04924734518583351,0.03194594383239746,True,True,True,True,graph structure,0.015878263313995906,0.0022115789161015233,0.029544947711890288
metstab-high,clf,scaffold,roc_auc,mat_nodistance,mat,0.7516647373427419,0.751463304548002,25,0.00020143279473965324,-0.012913881775839103,0.013316747365318411,0.031698580548002585,0.9749745711815843,153.0,0.8119303584098816,False,0.9749745711815843,0.8119303584098816,False,False,False,False,3D distances,-0.00020143279473965324,-0.013316747365318411,0.012913881775839103
metstab-high,clf,scaffold,roc_auc,mat_noattention,mat,0.6963569186962559,0.751463304548002,25,-0.05510638585174621,-0.08532338359626244,-0.02488938810722997,-3.7639077004788817,0.0009546805321415104,44.0,0.0008081197738647461,True,0.002864041596424531,0.0024243593215942383,True,True,True,True,self-attention,0.05510638585174621,0.02488938810722997,0.08532338359626244
metstab-high,clf,scaffold,pr_auc,mat_nograph,mat,0.30488813794576886,0.3276098610577084,25,-0.02272172311193952,-0.039097887527393946,-0.0063455586964850964,-2.863633416148797,0.00856005272407467,67.0,0.008822321891784668,True,0.01712010544814934,0.017644643783569336,True,True,True,True,graph structure,0.02272172311193952,0.0063455586964850964,0.039097887527393946
metstab-high,clf,scaffold,pr_auc,mat_nodistance,mat,0.332457580499633,0.3276098610577084,25,0.0048477194419245615,-0.014191367212039408,0.02388680609588853,0.5255084639935284,0.6040516686472045,145.0,0.6528410911560059,False,0.6040516686472045,0.6528410911560059,False,False,False,False,3D distances,-0.0048477194419245615,-0.02388680609588853,0.014191367212039408
metstab-high,clf,scaffold,pr_auc,mat_noattention,mat,0.2746693592024702,0.3276098610577084,25,-0.0529405018552382,-0.08761474614723264,-0.018266257563243765,-3.1511523282460816,0.004321742669548869,50.0,0.001625359058380127,True,0.012965228008646608,0.004876077175140381,True,True,True,True,self-attention,0.0529405018552382,0.018266257563243765,0.08761474614723264
metstab-high,clf,scaffold,f1,mat_nograph,mat,0.204560978797098,0.19869216306766854,25,0.0058688157294294685,-0.04669438885135898,0.058432020310217915,0.23043953349177043,0.8197032125473666,141.0,0.7970684943591221,False,1.0,1.0,False,False,False,False,graph structure,-0.0058688157294294685,-0.058432020310217915,0.04669438885135898
metstab-high,clf,scaffold,f1,mat_nodistance,mat,0.20208573602124175,0.19869216306766854,25,0.0033935729535731953,-0.042922813156554294,0.04970995906370069,0.151220570642233,0.8810656284708844,137.0,0.975736119417176,False,1.0,1.0,False,False,False,False,3D distances,-0.0033935729535731953,-0.04970995906370069,0.042922813156554294
metstab-high,clf,scaffold,f1,mat_noattention,mat,0.03063564842159248,0.19869216306766854,25,-0.1680565146460761,-0.214714895083726,-0.12139813420842623,-7.433854231476305,1.1281787151363426e-07,0.0,2.7015948487105505e-05,True,3.384536145409028e-07,8.104784546131651e-05,True,True,True,True,self-attention,0.1680565146460761,0.12139813420842623,0.214714895083726
metstab-low,clf,scaffold,roc_auc,mat_nograph,mat,0.725972735679413,0.7430106142324682,25,-0.01703787855305513,-0.03360944745664833,-0.00046630964946192677,-2.121974886229311,0.04435714363999715,89.0,0.04826241731643677,True,0.0887142872799943,0.09652483463287354,True,True,False,False,graph structure,0.01703787855305513,0.00046630964946192677,0.03360944745664833
metstab-low,clf,scaffold,roc_auc,mat_nodistance,mat,0.7451159342111678,0.7430106142324682,25,0.0021053199786997424,-0.011076148076689642,0.015286788034089126,0.32964210492689133,0.7445302190248947,143.0,0.615043044090271,False,0.7445302190248947,0.615043044090271,False,False,False,False,3D distances,-0.0021053199786997424,-0.015286788034089126,0.011076148076689642
metstab-low,clf,scaffold,roc_auc,mat_noattention,mat,0.671996789062787,0.7430106142324682,25,-0.07101382516968101,-0.09326357138139323,-0.04876407895796879,-6.587281051603937,8.19028591434516e-07,6.0,8.344650268554688e-07,True,2.457085774303548e-06,2.5033950805664062e-06,True,True,True,True,self-attention,0.07101382516968101,0.04876407895796879,0.09326357138139323
metstab-low,clf,scaffold,pr_auc,mat_nograph,mat,0.7544225264714527,0.7715899734322865,25,-0.017167446960833988,-0.033374932433991575,-0.000959961487676405,-2.1861422703708078,0.03879252959790251,84.0,0.034173786640167236,True,0.07758505919580502,0.06834757328033447,True,True,False,False,graph structure,0.017167446960833988,0.000959961487676405,0.033374932433991575
metstab-low,clf,scaffold,pr_auc,mat_nodistance,mat,0.7712743169184804,0.7715899734322865,25,-0.00031565651380621506,-0.01212651887767266,0.011495205850060228,-0.055159649206164396,0.9564679004505664,157.0,0.8948604464530945,True,0.9564679004505664,0.8948604464530945,False,False,False,False,3D distances,0.00031565651380621506,-0.011495205850060228,0.01212651887767266
metstab-low,clf,scaffold,pr_auc,mat_noattention,mat,0.7152716983117113,0.7715899734322865,25,-0.05631827512057523,-0.07663065600897379,-0.03600589423217667,-5.722382208828815,6.7687743826944085e-06,18.0,1.5079975128173828e-05,True,2.0306323148083225e-05,4.5239925384521484e-05,True,True,True,True,self-attention,0.05631827512057523,0.03600589423217667,0.07663065600897379
metstab-low,clf,scaffold,f1,mat_nograph,mat,0.6972154505331115,0.7046071138368966,25,-0.007391663303785028,-0.02733183620463822,0.012548509597068165,-0.7650707612504097,0.4516876139896927,117.0,0.3457539786772782,True,0.9033752279793854,0.6915079573545564,False,False,False,False,graph structure,0.007391663303785028,-0.012548509597068165,0.02733183620463822
metstab-low,clf,scaffold,f1,mat_nodistance,mat,0.7071837372562642,0.7046071138368966,25,0.0025766234193676896,-0.021226804216604913,0.026380051055340293,0.22340855486936087,0.8251082292543478,131.0,0.4107651710510254,False,0.9033752279793854,0.6915079573545564,False,False,False,False,3D distances,-0.0025766234193676896,-0.026380051055340293,0.021226804216604913
metstab-low,clf,scaffold,f1,mat_noattention,mat,0.6643025760703003,0.7046071138368966,25,-0.04030453776659632,-0.06988283355305447,-0.01072624198013817,-2.8123485586902803,0.009648233995570075,69.0,0.010510802268981934,True,0.028944701986710224,0.0315324068069458,True,True,True,True,self-attention,0.04030453776659632,0.01072624198013817,0.06988283355305447
