task,task_type,split,metric,model,reference,model_mean,reference_mean,n_pairs,mean_diff,diff_ci95_low,diff_ci95_high,t_stat,t_p,wilcoxon_stat,wilcoxon_p,reference_better,t_p_holm,wilcoxon_p_holm,significant_t,significant_wilcoxon,significant_t_holm,significant_wilcoxon_holm
bbbp,clf,random,roc_auc,svm,rf,0.9211432040828076,0.9214582782523286,25,-0.00031507416952092804,-0.0034195912752916792,0.0027894429362498234,-0.20946289008091734,0.8358547423909121,153.0,0.8119303584098816,True,0.8358547423909121,0.8119303584098816,False,False,False,False
bbbp,clf,random,roc_auc,gcn,rf,0.8987280322975834,0.9214582782523286,25,-0.022730245954745366,-0.03179665943284278,-0.013663832476647955,-5.174363825870291,2.6740720095623228e-05,10.0,2.562999725341797e-06,True,0.00013370360047811614,1.2814998626708984e-05,True,True,True,True
bbbp,clf,random,roc_auc,hybrid,rf,0.9109785093272802,0.9214582782523286,25,-0.010479768925048476,-0.01597038560719253,-0.004989152242904421,-3.939298855252722,0.0006141728497828067,40.0,0.0004894733428955078,True,0.0012283456995656134,0.0009789466857910156,True,True,True,True
bbbp,clf,random,roc_auc,mat_nodistance,rf,0.8866369351142127,0.9214582782523286,25,-0.03482134313811589,-0.04983262067921704,-0.01981006559701475,-4.78758185770252,7.12705508570619e-05,13.0,5.245208740234375e-06,True,0.00026232802859617815,1.6689300537109375e-05,True,True,True,True
bbbp,clf,random,roc_auc,mat_nograph,rf,0.882581239452612,0.9214582782523286,25,-0.038877038799716594,-0.05305406403663015,-0.02470001356280304,-5.6597391285000125,7.910436539782501e-06,5.0,5.960464477539062e-07,True,4.7462619238695e-05,3.5762786865234375e-06,True,True,True,True
bbbp,clf,random,roc_auc,mat_noattention,rf,0.8551164435273121,0.9214582782523286,25,-0.06634183472501645,-0.08029028425946891,-0.05239338519056399,-9.816346750692826,7.051014276343833e-10,0.0,5.960464477539063e-08,True,4.935709993440683e-09,4.172325134277344e-07,True,True,True,True
bbbp,clf,random,roc_auc,mat,rf,0.8917401020124962,0.9214582782523286,25,-0.029718176239832413,-0.04244250148629817,-0.016993850993366658,-4.820318563660916,6.558200714904454e-05,12.0,4.172325134277344e-06,True,0.00026232802859617815,1.6689300537109375e-05,True,True,True,True
bbbp,clf,random,pr_auc,svm,rf,0.9696771866741204,0.9684724759806157,25,0.0012047106935045226,-0.0007992938285925875,0.003208715215601633,1.2407160962391248,0.22670274125775106,126.0,0.33878785371780396,False,0.24332310150559575,0.33878785371780396,False,False,False,False
bbbp,clf,random,pr_auc,gcn,rf,0.9578055666049268,0.9684724759806158,25,-0.010666909375688913,-0.015953465112263702,-0.005380353639114123,-4.164416307046219,0.00034749998251565404,23.0,3.814697265625e-05,True,0.0013970739295723349,0.00019073486328125,True,True,True,True
bbbp,clf,random,pr_auc,hybrid,rf,0.9664081104098465,0.9684724759806158,25,-0.0020643655707692334,-0.004719630775852995,0.0005908996343145286,-1.604600973201328,0.12166155075279787,101.0,0.10139739513397217,True,0.24332310150559575,0.20279479026794434,False,False,False,False
bbbp,clf,random,pr_auc,mat_nodistance,rf,0.9518671968146531,0.9684724759806158,25,-0.01660527916596239,-0.024668538830209807,-0.008542019501714973,-4.250342071708569,0.000279414785914467,31.0,0.0001398921012878418,True,0.0013970739295723349,0.0005595684051513672,True,True,True,True
bbbp,clf,random,pr_auc,mat_nograph,rf,0.9494405162219386,0.9684724759806157,25,-0.019031959758677167,-0.026227183766236804,-0.011836735751117529,-5.459181580674449,1.3057823295570834e-05,6.0,8.344650268554688e-07,True,7.834693977342501e-05,5.0067901611328125e-06,True,True,True,True
bbbp,clf,random,pr_auc,mat_noattention,rf,0.9352929787149626,0.9684724759806158,25,-0.03317949726565299,-0.040721819130973,-0.025637175400332973,-9.079315084257084,3.1305945878196516e-09,0.0,5.960464477539063e-08,True,2.191416211473756e-08,4.172325134277344e-07,True,True,True,True
bbbp,clf,random,pr_auc,mat,rf,0.953925404603636,0.9684724759806158,25,-0.014547071376979836,-0.022037857788028827,-0.007056284965930846,-4.00808113371963,0.0005162568320674405,35.0,0.0002498030662536621,True,0.0015487704962023215,0.0007494091987609863,True,True,True,True
bbbp,clf,random,f1,svm,rf,0.9339992889621875,0.9321324303285828,25,0.0018668586336047222,-0.0006553865792308519,0.004389103846440296,1.5276099361996556,0.13968252338299184,110.0,0.16449612379074097,False,0.13968252338299184,0.16449612379074097,False,False,False,False
bbbp,clf,random,f1,gcn,rf,0.9189165830133713,0.9321324303285828,25,-0.0132158473152115,-0.01727465411346093,-0.009157040516962072,-6.720243071516689,5.96368997270573e-07,3.0,2.980232238769531e-07,True,2.860310044995751e-06,1.4901161193847656e-06,True,True,True,True
bbbp,clf,random,f1,hybrid,rf,0.9265959352827221,0.9321324303285828,25,-0.005536495045860823,-0.009220624013172377,-0.0018523660785492698,-3.101618934353253,0.004868572982933222,43.0,0.0007149577140808105,True,0.009737145965866443,0.001429915428161621,True,True,True,True
bbbp,clf,random,f1,mat_nodistance,rf,0.9123280515166644,0.9321324303285827,25,-0.01980437881191843,-0.025870830329094405,-0.013737927294742453,-6.737749214368147,5.720620089991503e-07,1.0,1.1920928955078125e-07,True,2.860310044995751e-06,7.152557373046875e-07,True,True,True,True
bbbp,clf,random,f1,mat_nograph,rf,0.9122977230973914,0.9321324303285828,25,-0.01983470723119118,-0.025830759768653413,-0.01383865469372895,-6.827295703131793,4.6265481266227136e-07,6.0,8.344650268554688e-07,True,2.775928875973628e-06,3.337860107421875e-06,True,True,True,True
bbbp,clf,random,f1,mat_noattention,rf,0.9076581837337403,0.9321324303285828,25,-0.02447424659484244,-0.031361819196886596,-0.017586673992798285,-7.333841000679004,1.419116951290945e-07,0.0,5.960464477539063e-08,True,9.933818659036616e-07,4.172325134277344e-07,True,True,True,True
bbbp,clf,random,f1,mat,rf,0.9182185461545465,0.9321324303285828,25,-0.01391388417403635,-0.018864999902102726,-0.008962768445969972,-5.8000756012761725,5.581710294204308e-06,18.0,1.5079975128173828e-05,True,1.6745130882612924e-05,4.5239925384521484e-05,True,True,True,True
bbbp,clf,scaffold,roc_auc,svm,rf,0.9040893660511796,0.9017472545085721,25,0.002342111542607812,-0.0017959290951483362,0.00648015218036396,1.168156880784481,0.25421722159937427,117.0,0.23036134243011475,False,0.25421722159937427,0.23036134243011475,False,False,False,False
bbbp,clf,scaffold,roc_auc,gcn,rf,0.8591774229785832,0.9017472545085721,25,-0.04256983152998874,-0.0544332687540513,-0.030706394305926185,-7.405932395822455,1.202647998281781e-07,1.0,1.1920928955078125e-07,True,7.215887989690686e-07,7.152557373046875e-07,True,True,True,True
bbbp,clf,scaffold,roc_auc,mat,rf,0.876468534700169,0.9017472545085721,25,-0.025278719808402933,-0.03605173760955983,-0.014505702007246041,-4.842906084009054,6.192504930675833e-05,20.0,2.2113323211669922e-05,True,0.0002477001972270333,8.845329284667969e-05,True,True,True,True
bbbp,clf,scaffold,roc_auc,mat_nograph,rf,0.8745758973316985,0.9017472545085721,25,-0.027171357176873516,-0.03743356284863884,-0.01690915150510819,-5.46460739420979,1.288142658556394e-05,14.0,6.556510925292969e-06,True,6.440713292781971e-05,3.2782554626464844e-05,True,True,True,True
bbbp,clf,scaffold,roc_auc,mat_nodistance,rf,0.8732525160854077,0.9017472545085721,25,-0.028494738423164176,-0.04149552143631774,-0.015493955410010616,-4.523592893292187,0.00013947977428560763,20.0,2.2113323211669922e-05,True,0.0004184393228568229,8.845329284667969e-05,True,True,True,True
bbbp,clf,scaffold,roc_auc,hybrid,rf,0.8884711055032974,0.9017472545085721,25,-0.01327614900527435,-0.02203988579634541,-0.004512412214203289,-3.1265914859357884,0.0045850539666588905,73.0,0.014722049236297607,True,0.009170107933317781,0.029444098472595215,True,True,True,True
bbbp,clf,scaffold,roc_auc,mat_noattention,rf,0.8504023620764071,0.9017472545085721,25,-0.051344892432164974,-0.0636809970310911,-0.03900878783323884,-8.590284622498707,8.750149306831175e-09,0.0,5.960464477539063e-08,True,6.125104514781822e-08,4.172325134277344e-07,True,True,True,True
bbbp,clf,scaffold,pr_auc,svm,rf,0.9627856104183087,0.9608905258405399,25,0.0018950845777686886,-0.0008595393465800568,0.004649708502117434,1.4198897713940932,0.1684999333096818,114.0,0.2002161741256714,False,0.3369998666193636,0.4004323482513428,False,False,False,False
bbbp,clf,scaffold,pr_auc,gcn,rf,0.9375619822733001,0.9608905258405399,25,-0.023328543567239915,-0.030988783788859733,-0.015668303345620097,-6.285409611230424,1.6961389393115924e-06,2.0,1.7881393432617188e-07,True,1.0176833635869554e-05,1.2516975402832031e-06,True,True,True,True
bbbp,clf,scaffold,pr_auc,mat,rf,0.9506358063221225,0.9608905258405399,25,-0.010254719518417464,-0.015571782961697558,-0.0049376560751373715,-3.9805244172343563,0.0005534792398877359,40.0,0.0004894733428955078,True,0.0022139169595509437,0.0019578933715820312,True,True,True,True
bbbp,clf,scaffold,pr_auc,mat_nograph,rf,0.9492028019897328,0.9608905258405399,25,-0.01168772385080714,-0.017105491493606368,-0.006269956208007913,-4.452438353728101,0.00016715956282015195,40.0,0.0004894733428955078,True,0.0008357978141007598,0.0019578933715820312,True,True,True,True
bbbp,clf,scaffold,pr_auc,mat_nodistance,rf,0.9487603722924995,0.9608905258405399,25,-0.012130153548040363,-0.01866100284705926,-0.005599304249021468,-3.8334074656857426,0.0008018502924694933,37.0,0.00032907724380493164,True,0.00240555087740848,0.0016453862190246582,True,True,True,True
bbbp,clf,scaffold,pr_auc,hybrid,rf,0.9583178763497199,0.9608905258405399,25,-0.0025726494908200202,-0.006666641552740743,0.001521342571100702,-1.2969462332531798,0.2069803015401409,120.0,0.2634761333465576,True,0.3369998666193636,0.4004323482513428,False,False,False,False
bbbp,clf,scaffold,pr_auc,mat_noattention,rf,0.9337756186122483,0.9608905258405399,25,-0.027114907228291726,-0.03547372902690481,-0.01875608542967865,-6.695012691433855,6.332706254836377e-07,3.0,2.980232238769531e-07,True,4.432894378385464e-06,1.7881393432617188e-06,True,True,True,True
bbbp,clf,scaffold,f1,svm,rf,0.921020560357166,0.9167719431570787,25,0.004248617200087374,0.0007052235634100053,0.007792010836764743,2.474665766005834,0.020792041931238472,79.0,0.023649930953979492,False,0.08316816772495389,0.09459972381591797,True,True,False,False
bbbp,clf,scaffold,f1,gcn,rf,0.9109198659082797,0.9167719431570787,25,-0.005852077248799019,-0.01145993208716431,-0.00024422241043372834,-2.1537814662572763,0.04151496919120607,88.0,0.04512268304824829,True,0.12454490757361822,0.09459972381591797,True,True,False,False
bbbp,clf,scaffold,f1,mat,rf,0.9085074426100228,0.9167719431570787,25,-0.008264500547055999,-0.01463254069708422,-0.0018964603970277778,-2.6785463643107326,0.01313628104336793,73.0,0.014722049236297607,True,0.06568140521683966,0.07361024618148804,True,True,False,False
bbbp,clf,scaffold,f1,mat_nograph,rf,0.9045722225863833,0.9167719431570787,25,-0.012199720570695329,-0.027867888920876313,0.003468447779485656,-1.6070152665822623,0.12112920609484423,85.0,0.036682069301605225,True,0.12454490757361822,0.09459972381591797,False,True,False,False
bbbp,clf,scaffold,f1,mat_nodistance,rf,0.9071953253930662,0.9167719431570787,25,-0.009576617764012281,-0.015192252634139345,-0.003960982893885217,-3.519667514985545,0.0017548290455583978,43.0,0.0007149577140808105,True,0.012283803318908784,0.005004703998565674,True,True,True,True
bbbp,clf,scaffold,f1,hybrid,rf,0.9131490344563548,0.9167719431570787,25,-0.0036229087007239036,-0.00724735029420601,1.5328927582022693e-06,-2.063025672638866,0.05008948971406212,81.0,0.02747941017150879,True,0.12454490757361822,0.09459972381591797,False,True,False,False
bbbp,clf,scaffold,f1,mat_noattention,rf,0.9067690527232503,0.9167719431570787,25,-0.010002890433828418,-0.017385028154887308,-0.002620752712769527,-2.796608781709352,0.01000768136439108,66.0,0.00806879997253418,True,0.060046088186346484,0.04841279983520508,True,True,False,True
esol,reg,random,rmse,svm,rf,0.4854102718986588,0.574217094108197,25,-0.08880682220953809,-0.09650470498840126,-0.08110893943067492,-23.8102187168001,3.309358831423568e-18,0.0,5.960464477539063e-08,False,1.9856152988541408e-17,4.172325134277344e-07,True,True,True,True
esol,reg,random,rmse,gcn,rf,0.4571276589498014,0.574217094108197,25,-0.1170894351583956,-0.1325494980972174,-0.1016293722195738,-15.631289326669906,4.4095564236813033e-14,0.0,5.960464477539063e-08,False,1.7638225694725213e-13,4.172325134277344e-07,True,True,True,True
esol,reg,random,rmse,mat,rf,0.385448560809561,0.574217094108197,25,-0.18876853329863588,-0.20469737067010627,-0.1728396959271655,-24.45872823420771,1.779566167781794e-18,0.0,5.960464477539063e-08,False,1.2456963174472556e-17,4.172325134277344e-07,True,True,True,True
esol,reg,random,rmse,mat_nograph,rf,0.4108025766165014,0.574217094108197,25,-0.16341451749169555,-0.19467677738826009,-0.13215225759513102,-10.78843911848199,1.0942671201184094e-10,4.0,4.172325134277344e-07,False,1.608711477627138e-10,5.960464477539062e-07,True,True,True,True
esol,reg,random,rmse,mat_nodistance,rf,0.39094930772686887,0.574217094108197,25,-0.18326778638132804,-0.19926726749763787,-0.1672683052650182,-23.641149231995463,3.900301754110295e-18,0.0,5.960464477539063e-08,False,1.9856152988541408e-17,4.172325134277344e-07,True,True,True,True
esol,reg,random,rmse,mat_noattention,rf,0.45296068378080834,0.574217094108197,25,-0.12125641032738856,-0.14364744868311466,-0.09886537197166245,-11.176834539201906,5.36237159209046e-11,3.0,2.980232238769531e-07,False,1.608711477627138e-10,5.960464477539062e-07,True,True,True,True
esol,reg,random,rmse,hybrid,rf,0.4912599761463906,0.574217094108197,25,-0.08295711796180628,-0.098582582089276,-0.06733165383433656,-10.95743941053118,8.006016333916622e-11,0.0,5.960464477539063e-08,False,1.608711477627138e-10,4.172325134277344e-07,True,True,True,True
esol,reg,random,mae,svm,rf,0.36601921284309286,0.4321394649082585,25,-0.06612025206516556,-0.07252286665301998,-0.05971763747731114,-21.31402589664674,4.20607417689885e-17,0.0,5.960464477539063e-08,False,2.52364450613931e-16,4.172325134277344e-07,True,True,True,True
esol,reg,random,mae,gcn,rf,0.342418995151639,0.4321394649082585,25,-0.08972046975661944,-0.10054995051715786,-0.07889098899608103,-17.0990606635577,6.069360283673283e-15,0.0,5.960464477539063e-08,False,2.4277441134693132e-14,4.172325134277344e-07,True,True,True,True
esol,reg,random,mae,mat,rf,0.29381306355934095,0.4321394649082585,25,-0.1383264013489175,-0.15062219787321102,-0.12603060482462397,-23.218639005220073,5.908668157868665e-18,0.0,5.960464477539063e-08,False,4.1360677105080654e-17,4.172325134277344e-07,True,True,True,True
esol,reg,random,mae,mat_nograph,rf,0.3133968948353472,0.4321394649082585,25,-0.11874257007291122,-0.1440849816803938,-0.09340015846542864,-9.670453758439306,9.419314999158877e-10,7.0,1.1324882507324219e-06,False,9.419314999158877e-10,1.1324882507324219e-06,True,True,True,True
esol,reg,random,mae,mat_nodistance,rf,0.29764093219607346,0.4321394649082585,25,-0.13449853271218498,-0.1479592434978772,-0.12103782192649276,-20.622338049252022,8.925142499432588e-17,0.0,5.960464477539063e-08,False,4.462571249716294e-16,4.172325134277344e-07,True,True,True,True
esol,reg,random,mae,mat_noattention,rf,0.34440526386323095,0.4321394649082585,25,-0.08773420104502758,-0.10516272029261832,-0.07030568179743683,-10.389551101275982,2.3183111775575073e-10,3.0,2.980232238769531e-07,False,6.954933532672522e-10,5.960464477539062e-07,True,True,True,True
esol,reg,random,mae,hybrid,rf,0.37045029020907166,0.4321394649082585,25,-0.061689174699186784,-0.07422234466309276,-0.04915600473528081,-10.158658926380015,3.6113141952917054e-10,0.0,5.960464477539063e-08,False,7.222628390583411e-10,4.172325134277344e-07,True,True,True,True
esol,reg,random,r2,svm,rf,0.7611643667314137,0.6652241509784658,25,0.09594021575294796,0.08570792999281596,0.10617250151307997,19.351577735084362,3.7787322518919673e-16,0.0,5.960464477539063e-08,False,1.8893661259459835e-15,4.172325134277344e-07,True,True,True,True
esol,reg,random,r2,gcn,rf,0.7880967501167047,0.6652241509784658,25,0.12287259913823881,0.10563904518152202,0.1401061530949556,14.715280508119916,1.646650197104419e-13,0.0,5.960464477539063e-08,False,6.586600788417676e-13,4.172325134277344e-07,True,True,True,True
esol,reg,random,r2,mat,rf,0.8486095947293856,0.6652241509784658,25,0.1833854437509199,0.16652260030855806,0.20024828719328172,22.445144253087378,1.2873025571869368e-17,0.0,5.960464477539063e-08,False,9.011117900308558e-17,4.172325134277344e-07,True,True,True,True
esol,reg,random,r2,mat_nograph,rf,0.8240305684111989,0.6652241509784658,25,0.15880641743273308,0.12466421718698785,0.19294861767847832,9.59985982618569,1.08465649339078e-09,11.0,3.2782554626464844e-06,False,1.08465649339078e-09,3.2782554626464844e-06,True,True,True,True
esol,reg,random,r2,mat_nodistance,rf,0.8442001328914023,0.6652241509784658,25,0.17897598191293657,0.16243331684607845,0.19551864697979468,22.329429396241114,1.449398001415201e-17,0.0,5.960464477539063e-08,False,9.011117900308558e-17,4.172325134277344e-07,True,True,True,True
esol,reg,random,r2,mat_noattention,rf,0.7902834118356512,0.6652241509784658,25,0.12505926085718552,0.10186817808669386,0.1482503436276772,11.129692871857943,5.841948181655742e-11,3.0,2.980232238769531e-07,False,1.1683896363311485e-10,5.960464477539062e-07,True,True,True,True
esol,reg,random,r2,hybrid,rf,0.7540566558751146,0.6652241509784658,25,0.08883250489664894,0.07278026016995978,0.1048847496233381,11.421535255887083,3.451350089959674e-11,0.0,5.960464477539063e-08,False,1.0354050269879022e-10,4.172325134277344e-07,True,True,True,True
esol,reg,scaffold,rmse,svm,rf,0.6314305982345416,0.7726017378341153,25,-0.14117113959957364,-0.17598300293347688,-0.1063592762656704,-8.369644255129266,1.4057368988127526e-08,0.0,5.960464477539063e-08,False,5.6229475952510105e-08,4.172325134277344e-07,True,True,True,True
esol,reg,scaffold,rmse,gcn,rf,0.5103504665755557,0.7726017378341153,25,-0.2622512712585597,-0.3332705517849063,-0.1912319907322131,-7.621310966884062,7.364690775124963e-08,0.0,5.960464477539063e-08,False,1.4729381550249926e-07,4.172325134277344e-07,True,True,True,True
esol,reg,scaffold,rmse,mat,rf,0.4994069181587053,0.7726017378341153,25,-0.27319481967541015,-0.31893346481493373,-0.22745617453588657,-12.327570999366479,7.142510693959754e-12,0.0,5.960464477539063e-08,False,4.89173848661882e-11,4.172325134277344e-07,True,True,True,True
esol,reg,scaffold,rmse,mat_nograph,rf,0.5242093975065565,0.7726017378341153,25,-0.24839234032755889,-0.2899349882442107,-0.20684969241090706,-12.34048910290995,6.988197838026886e-12,1.0,1.1920928955078125e-07,False,4.89173848661882e-11,4.172325134277344e-07,True,True,True,True
esol,reg,scaffold,rmse,mat_nodistance,rf,0.4931730560647671,0.7726017378341153,25,-0.2794286817693483,-0.34021577862436103,-0.21864158491433558,-9.487415655939717,1.359737502498908e-09,0.0,5.960464477539063e-08,False,6.79868751249454e-09,4.172325134277344e-07,True,True,True,True
esol,reg,scaffold,rmse,hybrid,rf,0.5895887978649376,0.7726017378341153,25,-0.18301293996917775,-0.22856387425547237,-0.13746200568288314,-8.292258972948218,1.6625734454623935e-08,0.0,5.960464477539063e-08,False,5.6229475952510105e-08,4.172325134277344e-07,True,True,True,True
esol,reg,scaffold,rmse,mat_noattention,rf,0.5103342163223402,0.7726017378341153,25,-0.2622675215117751,-0.33656420068530557,-0.18797084233824465,-7.285568701470902,1.5860356910864508e-07,2.0,1.7881393432617188e-07,False,1.5860356910864508e-07,4.172325134277344e-07,True,True,True,True
esol,reg,scaffold,mae,svm,rf,0.4856435784970135,0.6061050611676676,25,-0.12046148267065403,-0.15756456252888407,-0.08335840281242399,-6.700799010904583,6.246065314918028e-07,0.0,5.960464477539063e-08,False,1.8738195944754083e-06,4.172325134277344e-07,True,True,True,True
esol,reg,scaffold,mae,gcn,rf,0.3886658838053314,0.6061050611676676,25,-0.21743917736233623,-0.2844844812637583,-0.15039387346091415,-6.693569560957526,6.354505455152368e-07,0.0,5.960464477539063e-08,False,1.8738195944754083e-06,4.172325134277344e-07,True,True,True,True
esol,reg,scaffold,mae,mat,rf,0.38952780249215224,0.6061050611676676,25,-0.21657725867551528,-0.26073326785717704,-0.1724212494938535,-10.123050088670025,3.869028625649175e-10,0.0,5.960464477539063e-08,False,2.7083200379544227e-09,4.172325134277344e-07,True,True,True,True
esol,reg,scaffold,mae,mat_nograph,rf,0.4119367204608537,0.6061050611676676,25,-0.19416834070681382,-0.23380717118909972,-0.15452951022452793,-10.109878475793577,3.9691038478838056e-10,2.0,1.7881393432617188e-07,False,2.7083200379544227e-09,5.364418029785156e-07,True,True,True,True
esol,reg,scaffold,mae,mat_nodistance,rf,0.38333746008100184,0.6061050611676676,25,-0.2227676010866658,-0.28065569761895215,-0.1648795045543794,-7.942388141984651,3.5858448223867817e-08,3.0,2.980232238769531e-07,False,1.792922411193391e-07,5.960464477539062e-07,True,True,True,True
esol,reg,scaffold,mae,hybrid,rf,0.4563548975544806,0.6061050611676676,25,-0.14975016361318697,-0.19465423646452085,-0.1048460907618531,-6.882875598123757,4.057466039148128e-07,0.0,5.960464477539063e-08,False,1.6229864156592512e-06,4.172325134277344e-07,True,True,True,True
esol,reg,scaffold,mae,mat_noattention,rf,0.38767446663884336,0.6061050611676676,25,-0.21843059452882418,-0.2910182078865424,-0.14584298117110592,-6.210682084860942,2.0343061331274847e-06,4.0,4.172325134277344e-07,False,2.0343061331274847e-06,5.960464477539062e-07,True,True,True,True
esol,reg,scaffold,r2,svm,rf,0.5013289447918478,0.1817553398756372,25,0.3195736049162106,0.14925148067912064,0.4898957291533006,3.872471098368433,0.0007268112284993068,0.0,5.960464477539063e-08,False,0.0024262468237092973,4.172325134277344e-07,True,True,True,True
esol,reg,scaffold,r2,gcn,rf,0.7024854452940292,0.1817553398756372,25,0.5207301054183922,0.24760470652799127,0.793855504308793,3.9349475366833007,0.0006209506411384386,0.0,5.960464477539063e-08,False,0.0024262468237092973,4.172325134277344e-07,True,True,True,True
esol,reg,scaffold,r2,mat,rf,0.6662025213138378,0.1817553398756372,25,0.4844471814382006,0.2742323845782164,0.6946619782981848,4.756324749208837,7.716374675376305e-05,0.0,5.960464477539063e-08,False,0.00046298248052257835,4.172325134277344e-07,True,True,True,True
esol,reg,scaffold,r2,mat_nograph,rf,0.6095735995799949,0.1817553398756372,25,0.42781825970435783,0.25305075647583747,0.6025857629328781,5.052275019844388,3.6413101552648254e-05,1.0,1.1920928955078125e-07,False,0.0002548917108685378,4.172325134277344e-07,True,True,True,True
esol,reg,scaffold,r2,mat_nodistance,rf,0.7094000874782661,0.1817553398756372,25,0.527644747602629,0.27120458096056177,0.7840849142446963,4.246625050543085,0.00028206468669181897,0.0,5.960464477539063e-08,False,0.0014103234334590948,4.172325134277344e-07,True,True,True,True
esol,reg,scaffold,r2,hybrid,rf,0.5716174111221634,0.1817553398756372,25,0.3898620712465263,0.18585943945759206,0.5938647030354605,3.9442420964035456,0.0006065617059273243,0.0,5.960464477539063e-08,False,0.0024262468237092973,4.172325134277344e-07,True,True,True,True
esol,reg,scaffold,r2,mat_noattention,rf,0.6967942983146338,0.1817553398756372,25,0.5150389584389968,0.24212619947941078,0.7879517173985828,3.8949742384966703,0.0006867738390013017,2.0,1.7881393432617188e-07,False,0.0024262468237092973,4.172325134277344e-07,True,True,True,True
estrogen-alpha,clf,random,roc_auc,svm,rf,0.9686327944147983,0.9680761198910572,25,0.0005566745237410631,-0.0005617749323306855,0.0016751239798128118,1.0272433346066558,0.31454842629081325,135.0,0.4593160394594723,False,0.6290968525816265,0.9186320789189446,False,False,False,False
estrogen-alpha,clf,random,roc_auc,gcn,rf,0.955969115099853,0.9680761198910572,25,-0.012107004791204261,-0.014404920195363942,-0.00980908938704458,-10.874042503460952,9.33695778584828e-11,0.0,5.960464477539063e-08,True,5.602174671508968e-10,4.172325134277344e-07,True,True,True,True
estrogen-alpha,clf,random,roc_auc,hybrid,rf,0.9686539933551463,0.9680761198910572,25,0.0005778734640892136,-0.0010527286222647976,0.002208475550443225,0.731430568694731,0.4715980443935335,139.0,0.5424043536186218,False,0.6290968525816265,0.9186320789189446,False,False,False,False
estrogen-alpha,clf,random,roc_auc,mat_nodistance,rf,0.9516469995484869,0.9680761198910572,25,-0.01642912034257036,-0.020165013128502333,-0.012693227556638386,-9.076287727402155,3.150274425246047e-09,2.0,1.7881393432617188e-07,True,9.45082327573814e-09,5.364418029785156e-07,True,True,True,True
estrogen-alpha,clf,random,roc_auc,mat_noattention,rf,0.9251069941375815,0.9680761198910572,25,-0.04296912575347573,-0.046919891266056266,-0.039018360240895195,-22.447274219290758,1.2845020856108216e-17,0.0,5.960464477539063e-08,True,8.991514599275751e-17,4.172325134277344e-07,True,True,True,True
estrogen-alpha,clf,random,roc_auc,mat,rf,0.9530887183434659,0.9680761198910572,25,-0.01498740154759143,-0.01810210489699004,-0.01187269819819282,-9.931114789017707,5.625043804651804e-10,0.0,5.960464477539063e-08,True,2.2500175218607215e-09,4.172325134277344e-07,True,True,True,True
estrogen-alpha,clf,random,roc_auc,mat_nograph,rf,0.9470412217664442,0.9680761198910572,25,-0.021034898124613108,-0.025208024635032016,-0.0168617716141942,-10.40320629508616,2.2587842713989178e-10,0.0,5.960464477539063e-08,True,1.1293921356994588e-09,4.172325134277344e-07,True,True,True,True
estrogen-alpha,clf,random,pr_auc,svm,rf,0.9629774127303935,0.9643294949372573,25,-0.0013520822068636873,-0.003062036048302365,0.00035787163457499027,-1.6319507897364953,0.11574356229564321,101.0,0.10139739513397217,True,0.23148712459128643,0.20279479026794434,False,False,False,False
estrogen-alpha,clf,random,pr_auc,gcn,rf,0.9457645022405022,0.9643294949372573,25,-0.018564992696755014,-0.022874925780758545,-0.014255059612751482,-8.890221953950869,4.6410415740059916e-09,0.0,5.960464477539063e-08,True,2.3205207870029956e-08,4.172325134277344e-07,True,True,True,True
estrogen-alpha,clf,random,pr_auc,hybrid,rf,0.9634711354847245,0.9643294949372573,25,-0.0008583594525326666,-0.0031823729272632256,0.0014656540221978922,-0.7622876797852377,0.4533154189268951,145.0,0.6528410911560059,True,0.4533154189268951,0.6528410911560059,False,False,False,False
estrogen-alpha,clf,random,pr_auc,mat_nodistance,rf,0.9413765642267756,0.9643294949372573,25,-0.02295293071048154,-0.02891757624148951,-0.016988285179473574,-7.942218935264201,3.587192182790917e-08,4.0,4.172325134277344e-07,True,1.0761576548372752e-07,1.2516975402832031e-06,True,True,True,True
estrogen-alpha,clf,random,pr_auc,mat_noattention,rf,0.8987356978376301,0.9643294949372572,25,-0.06559379709962736,-0.07324312343205161,-0.057944470767203105,-17.698152438835265,2.815633405829224e-15,0.0,5.960464477539063e-08,True,1.970943384080457e-14,4.172325134277344e-07,True,True,True,True
estrogen-alpha,clf,random,pr_auc,mat,rf,0.9428429064633286,0.9643294949372573,25,-0.021486588473928623,-0.026313809682538748,-0.016659367265318498,-9.186680520572793,2.508653518646743e-09,1.0,1.1920928955078125e-07,True,1.505192111188046e-08,5.960464477539062e-07,True,True,True,True
estrogen-alpha,clf,random,pr_auc,mat_nograph,rf,0.9370879036521086,0.9643294949372573,25,-0.02724159128514852,-0.03359877060380389,-0.020884411966493148,-8.844155285172693,5.111863538923602e-09,1.0,1.1920928955078125e-07,True,2.3205207870029956e-08,5.960464477539062e-07,True,True,True,True
estrogen-alpha,clf,random,f1,svm,rf,0.9153261953523573,0.9059032144440973,25,0.009422980908260098,0.00566207063296212,0.013183891183558076,5.1711089388500335,2.6961456656263942e-05,17.0,9.035445394407616e-05,False,5.3922913312527884e-05,0.00018070890788815232,True,True,True,True
estrogen-alpha,clf,random,f1,gcn,rf,0.8784302613522195,0.9059032144440973,25,-0.027472953091877524,-0.03387291363662942,-0.02107299254712563,-8.859646551492645,4.948279283490117e-09,2.0,1.7881393432617188e-07,True,2.9689675700940704e-08,7.152557373046875e-07,True,True,True,True
estrogen-alpha,clf,random,f1,hybrid,rf,0.9065873892374495,0.9059032144440973,25,0.0006841747933524722,-0.0038085945703881666,0.005176944157093111,0.31429776549371796,0.7560107989479972,147.0,0.6915188431739807,False,0.7560107989479972,0.6915188431739807,False,False,False,False
estrogen-alpha,clf,random,f1,mat_nodistance,rf,0.8820969393751673,0.9059032144440973,25,-0.02380627506892971,-0.03170982222748232,-0.015902727910377102,-6.216669033133596,2.0048455243497207e-06,7.0,1.1324882507324219e-06,True,6.014536573049162e-06,3.3974647521972656e-06,True,True,True,True
estrogen-alpha,clf,random,f1,mat_noattention,rf,0.8516838835008497,0.9059032144440973,25,-0.054219330943247455,-0.06134430640791342,-0.04709435547858149,-15.705766244550611,3.972780099782044e-14,0.0,5.960464477539063e-08,True,2.7809460698474304e-13,4.172325134277344e-07,True,True,True,True
estrogen-alpha,clf,random,f1,mat,rf,0.8796625866598283,0.9059032144440973,25,-0.026240627784268788,-0.03298158197251579,-0.019499673596021783,-8.034173268021046,2.9264037787197225e-08,0.0,5.960464477539063e-08,True,1.4632018893598612e-07,4.172325134277344e-07,True,True,True,True
estrogen-alpha,clf,random,f1,mat_nograph,rf,0.8628037397574181,0.9059032144440973,25,-0.043099474686679094,-0.05441273652523416,-0.03178621284812403,-7.862714138694539,4.2815206987579936e-08,0.0,5.960464477539063e-08,True,1.7126082795031974e-07,4.172325134277344e-07,True,True,True,True
estrogen-alpha,clf,scaffold,roc_auc,svm,rf,0.954104405252579,0.9524329743462339,25,0.0016714309063451482,-0.0016201313571069357,0.0049629931697972324,1.0480323832150373,0.30506389876949525,125.0,0.325391948223114,False,0.30506389876949525,0.325391948223114,False,False,False,False
estrogen-alpha,clf,scaffold,roc_auc,gcn,rf,0.9485623305312655,0.9524329743462339,25,-0.0038706438149683155,-0.007469990270046053,-0.0002712973598905776,-2.2194629780686017,0.0361588015020859,75.0,0.017312347888946533,True,0.0723176030041718,0.0519370436668396,True,True,False,False
estrogen-alpha,clf,scaffold,roc_auc,hybrid,rf,0.9477975113948177,0.9524329743462339,25,-0.004635462951416223,-0.00828970023882231,-0.0009812256640101356,-2.618090880655159,0.015074331382928168,75.0,0.017312347888946533,True,0.0452229941487845,0.0519370436668396,True,True,True,False
estrogen-alpha,clf,scaffold,roc_auc,mat_nodistance,rf,0.9322030778643813,0.9524329743462339,25,-0.020229896481852652,-0.02531952475849946,-0.015140268205205844,-8.203438833117914,2.017683506336499e-08,1.0,1.1920928955078125e-07,True,1.0088417531682495e-07,5.960464477539062e-07,True,True,True,True
estrogen-alpha,clf,scaffold,roc_auc,mat_nograph,rf,0.9286746126381309,0.9524329743462339,25,-0.02375836170810299,-0.027391418351618183,-0.0201253050645878,-13.496857706173268,1.056726256752757e-12,0.0,5.960464477539063e-08,True,7.397083797269299e-12,4.172325134277344e-07,True,True,True,True
estrogen-alpha,clf,scaffold,roc_auc,mat,rf,0.9369245008403378,0.9524329743462339,25,-0.01550847350589601,-0.02057787407579238,-0.01043907293599964,-6.313944956714944,1.5826408283757823e-06,12.0,4.172325134277344e-06,True,6.330563313503129e-06,1.6689300537109375e-05,True,True,True,True
estrogen-alpha,clf,scaffold,roc_auc,mat_noattention,rf,0.9120400016776997,0.9524329743462339,25,-0.04039297266853401,-0.046618203885536086,-0.03416774145153194,-13.391791450698104,1.248056148976316e-12,0.0,5.960464477539063e-08,True,7.488336893857896e-12,4.172325134277344e-07,True,True,True,True
estrogen-alpha,clf,scaffold,pr_auc,svm,rf,0.9432210460817895,0.9444598442629492,25,-0.0012387981811595062,-0.005492093075751023,0.0030144967134320107,-0.6011230934148668,0.5533937301293563,144.0,0.6338268518447876,True,0.5533937301293563,0.6338268518447876,False,False,False,False
estrogen-alpha,clf,scaffold,pr_auc,gcn,rf,0.935917573315237,0.9444598442629492,25,-0.008542270947712045,-0.014960617650331638,-0.0021239242450924517,-2.746872604252436,0.011228567847199795,63.0,0.006129205226898193,True,0.03368570354159939,0.01838761568069458,True,True,True,True
estrogen-alpha,clf,scaffold,pr_auc,hybrid,rf,0.9399153336995922,0.9444598442629492,25,-0.004544510563356878,-0.008868014329918652,-0.00022100679679510488,-2.1693999407509468,0.040180234275290425,102.0,0.10731470584869385,True,0.08036046855058085,0.2146294116973877,True,False,False,False
estrogen-alpha,clf,scaffold,pr_auc,mat_nodistance,rf,0.9165092336960712,0.9444598442629492,25,-0.027950610566877906,-0.03533695933390772,-0.020564261799848087,-7.809978483970412,4.816924032600173e-08,1.0,1.1920928955078125e-07,True,2.4084620163000863e-07,5.960464477539062e-07,True,True,True,True
estrogen-alpha,clf,scaffold,pr_auc,mat_nograph,rf,0.9120568996397417,0.9444598442629492,25,-0.032402944623207273,-0.03861307432278503,-0.02619281492362951,-10.768920141055501,1.1347217444634306e-10,0.0,5.960464477539063e-08,True,7.943052211244014e-10,4.172325134277344e-07,True,True,True,True
estrogen-alpha,clf,scaffold,pr_auc,mat,rf,0.91946828648722,0.9444598442629492,25,-0.024991557775729097,-0.0326848338181224,-0.017298281733335794,-6.704561211887155,6.190382738187063e-07,2.0,1.7881393432617188e-07,True,2.4761530952748252e-06,7.152557373046875e-07,True,True,True,True
estrogen-alpha,clf,scaffold,pr_auc,mat_noattention,rf,0.8800944215108251,0.9444598442629492,25,-0.06436542275212385,-0.07701727966386726,-0.051713565840380456,-10.499937231615613,1.8798609867751285e-10,0.0,5.960464477539063e-08,True,1.1279165920650772e-09,4.172325134277344e-07,True,True,True,True
estrogen-alpha,clf,scaffold,f1,svm,rf,0.8884402633241476,0.8752644106254317,25,0.013175852698715898,0.007403542211309628,0.018948163186122167,4.711046554483176,8.657836498091464e-05,23.0,3.814697265625e-05,False,0.00034631345992365857,0.000152587890625,True,True,True,True
estrogen-alpha,clf,scaffold,f1,gcn,rf,0.8617679014845787,0.8752644106254317,25,-0.013496509140853003,-0.023624918795571565,-0.003368099486134441,-2.750227010202814,0.01114199060999785,75.0,0.017312347888946533,True,0.01114199060999785,0.017312347888946533,True,True,True,True
estrogen-alpha,clf,scaffold,f1,hybrid,rf,0.8594335504607945,0.8752644106254317,25,-0.01583086016463729,-0.02399286852943202,-0.007668851799842558,-4.003094344286541,0.0005228041620496521,37.0,0.00032907724380493164,True,0.0015684124861489563,0.000987231731414795,True,True,True,True
estrogen-alpha,clf,scaffold,f1,mat_nodistance,rf,0.8474011928145831,0.8752644106254317,25,-0.027863217810848547,-0.03780833734786844,-0.017918098273828658,-5.782419703259878,5.831455732899432e-06,16.0,1.0073184967041016e-05,True,3.498873439739659e-05,6.0439109802246094e-05,True,True,True,True
estrogen-alpha,clf,scaffold,f1,mat_nograph,rf,0.8406752597629032,0.8752644106254317,25,-0.0345891508625285,-0.04541774002533721,-0.02376056169971979,-6.592594625188505,8.086771167090801e-07,9.0,1.9669532775878906e-06,True,5.66073981696356e-06,1.3768672943115234e-05,True,True,True,True
estrogen-alpha,clf,scaffold,f1,mat,rf,0.8547599923180533,0.8752644106254317,25,-0.02050441830737835,-0.032273945965309137,-0.008734890649447562,-3.5956446750945976,0.0014532615405741774,53.0,0.002255260944366455,True,0.002906523081148355,0.00451052188873291,True,True,True,True
estrogen-alpha,clf,scaffold,f1,mat_noattention,rf,0.8193324542609838,0.8752644106254317,25,-0.05593195636444795,-0.07615755893021332,-0.035706353798682575,-5.70751273858312,7.023669912951122e-06,16.0,1.0073184967041016e-05,True,3.511834956475561e-05,6.0439109802246094e-05,True,True,True,True
estrogen-beta,clf,random,roc_auc,svm,rf,0.9292085973189194,0.9264359778598643,25,0.0027726194590552257,0.00027074614763873423,0.005274492770471717,2.2872482341026585,0.0312950140473831,88.0,0.04512268304824829,False,0.0506195681656402,0.07336413860321045,True,True,False,False
estrogen-beta,clf,random,roc_auc,gcn,rf,0.9125133367917155,0.9264359778598643,25,-0.01392264106814864,-0.017924144657980857,-0.009921137478316425,-7.1810303875848955,2.0199893837305729e-07,6.0,8.344650268554688e-07,True,6.059968151191718e-07,2.5033950805664062e-06,True,True,True,True
estrogen-beta,clf,random,roc_auc,mat,rf,0.8928898937880316,0.9264359778598643,25,-0.03354608407183237,-0.039470801841409865,-0.027621366302254872,-11.685909330503824,2.159972777492907e-11,0.0,5.960464477539063e-08,True,9.790956447858069e-11,4.172325134277344e-07,True,True,True,True
estrogen-beta,clf,random,roc_auc,mat_nograph,rf,0.8781014677899919,0.9264359778598643,25,-0.048334510069872307,-0.056830457122503425,-0.03983856301724119,-11.741778190497373,1.958191289571614e-11,0.0,5.960464477539063e-08,True,9.790956447858069e-11,4.172325134277344e-07,True,True,True,True
estrogen-beta,clf,random,roc_auc,mat_noattention,rf,0.8522576830497088,0.9264359778598643,25,-0.07417829481015521,-0.08136767691857928,-0.06698891270173114,-21.29480303784517,4.29365736625606e-17,0.0,5.960464477539063e-08,True,3.0055601563792423e-16,4.172325134277344e-07,True,True,True,True
estrogen-beta,clf,random,roc_auc,mat_nodistance,rf,0.8882608119931221,0.9264359778598643,25,-0.03817516586674198,-0.044018028090546654,-0.03233230364293731,-13.484772856919212,1.0770925053384335e-12,0.0,5.960464477539063e-08,True,6.462555032030601e-12,4.172325134277344e-07,True,True,True,True
estrogen-beta,clf,random,roc_auc,hybrid,rf,0.9219661232115854,0.9264359778598643,25,-0.004469854648278835,-0.008337409355466122,-0.0006022999410915473,-2.3853124978749705,0.0253097840828201,85.0,0.036682069301605225,True,0.0506195681656402,0.07336413860321045,True,True,False,False
estrogen-beta,clf,random,pr_auc,svm,rf,0.952290905726593,0.9492676857755664,25,0.003023219951026697,0.00048774037610061676,0.005558699525952776,2.4609227264593705,0.02143454409160188,92.0,0.05875152349472046,False,0.04286908818320376,0.11750304698944092,True,False,True,False
estrogen-beta,clf,random,pr_auc,gcn,rf,0.9358880726739167,0.9492676857755664,25,-0.01337961310164983,-0.01774393355299151,-0.009015292650308149,-6.327254046422128,1.5323809740909452e-06,14.0,6.556510925292969e-06,True,4.597142922272836e-06,1.9669532775878906e-05,True,True,True,True
estrogen-beta,clf,random,pr_auc,mat,rf,0.9170221380360022,0.9492676857755664,25,-0.032245547739564236,-0.038058027740676556,-0.026433067738451912,-11.449766637624291,3.281677415542792e-11,0.0,5.960464477539063e-08,True,1.969006449325675e-10,4.172325134277344e-07,True,True,True,True
estrogen-beta,clf,random,pr_auc,mat_nograph,rf,0.904503012600381,0.9492676857755664,25,-0.04476467317518543,-0.053405823274453965,-0.03612352307591689,-10.691834248526046,1.3102133616277136e-10,0.0,5.960464477539063e-08,True,6.551066808138568e-10,4.172325134277344e-07,True,True,True,True
estrogen-beta,clf,random,pr_auc,mat_noattention,rf,0.8556504759303682,0.9492676857755664,25,-0.09361720984519838,-0.10269673647624933,-0.08453768321414742,-21.280451348901302,4.3602813342083916e-17,0.0,5.960464477539063e-08,True,3.052196933945874e-16,4.172325134277344e-07,True,True,True,True
estrogen-beta,clf,random,pr_auc,mat_nodistance,rf,0.9126443362854217,0.9492676857755664,25,-0.03662334949014471,-0.04379418708774777,-0.02945251189254165,-10.54087159357448,1.7398956811060438e-10,0.0,5.960464477539063e-08,True,6.959582724424175e-10,4.172325134277344e-07,True,True,True,True
estrogen-beta,clf,random,pr_auc,hybrid,rf,0.9460388843507491,0.9492676857755664,25,-0.0032288014248173804,-0.007589504842330242,0.001131901992695482,-1.5281751539672186,0.13954265502221377,119.0,0.25210392475128174,True,0.13954265502221377,0.25210392475128174,False,False,False,False
estrogen-beta,clf,random,f1,svm,rf,0.8969890346186508,0.8889704655517431,25,0.008018569066907481,0.00440642024466012,0.011630717889154842,4.581625502685884,0.00012033320356602519,29.0,0.0005459353541811291,False,0.00024066640713205038,0.0010918707083622582,True,True,True,True
estrogen-beta,clf,random,f1,gcn,rf,0.8654828422156265,0.8889704655517431,25,-0.02348762333611662,-0.03229348166978395,-0.014681765002449292,-5.504979773991351,1.164240828465975e-05,8.0,1.4901161193847656e-06,True,3.4927224853979247e-05,5.9604644775390625e-06,True,True,True,True
estrogen-beta,clf,random,f1,mat,rf,0.862741796799789,0.8889704655517431,25,-0.02622866875195427,-0.03315337575386418,-0.01930396175004436,-7.8174154799106566,4.737438963381956e-08,8.0,1.4901161193847656e-06,True,2.368719481690978e-07,5.9604644775390625e-06,True,True,True,True
estrogen-beta,clf,random,f1,mat_nograph,rf,0.8428270685847511,0.8889704655517431,25,-0.046143396966992184,-0.056605456557764396,-0.03568133737621997,-9.102919917681001,2.9814265324816884e-09,0.0,5.960464477539063e-08,True,1.788855919489013e-08,4.172325134277344e-07,True,True,True,True
estrogen-beta,clf,random,f1,mat_noattention,rf,0.8357609734562932,0.8889704655517431,25,-0.05320949209544995,-0.06422273571591298,-0.04219624847498692,-9.971539537789642,5.196751678806999e-10,0.0,5.960464477539063e-08,True,3.6377261751648993e-09,4.172325134277344e-07,True,True,True,True
estrogen-beta,clf,random,f1,mat_nodistance,rf,0.8542200209832739,0.8889704655517431,25,-0.03475044456846946,-0.04595291735992234,-0.02354797177701658,-6.402282236786103,1.2779610633269293e-06,0.0,5.960464477539063e-08,True,5.111844253307717e-06,4.172325134277344e-07,True,True,True,True
estrogen-beta,clf,random,f1,hybrid,rf,0.8809113411611529,0.8889704655517431,25,-0.008059124390590306,-0.012193163371500247,-0.003925085409680365,-4.023478083909964,0.0004965494049713599,43.0,0.0007149577140808105,True,0.0004965494049713599,0.0010918707083622582,True,True,True,True
freesolv,reg,random,rmse,svm,rf,0.47135323739144735,0.5884149249147209,25,-0.11706168752327363,-0.12676283383890274,-0.1073605412076445,-24.90462885935404,1.1718444041049737e-18,0.0,5.960464477539063e-08,False,8.202910828734816e-18,4.172325134277344e-07,True,True,True,True
freesolv,reg,random,rmse,gcn,rf,0.3383197652610324,0.5884149249147209,25,-0.2500951596536886,-0.28140262956130707,-0.21878768974607016,-16.48715280418657,1.3624361196255549e-14,0.0,5.960464477539063e-08,False,6.812180598127775e-14,4.172325134277344e-07,True,True,True,True
freesolv,reg,random,rmse,mat,rf,0.3685804545577206,0.5884149249147209,25,-0.21983447035700032,-0.24820168492764966,-0.191467255786351,-15.994381331874456,2.6620434251614615e-14,0.0,5.960464477539063e-08,False,1.0648173700645846e-13,4.172325134277344e-07,True,True,True,True
freesolv,reg,random,rmse,mat_nograph,rf,0.3759514864682525,0.5884149249147209,25,-0.21246343844646845,-0.244883940291997,-0.1800429366009399,-13.52548418582509,1.0100596488296184e-12,0.0,5.960464477539063e-08,False,3.0301789464888555e-12,4.172325134277344e-07,True,True,True,True
freesolv,reg,random,rmse,mat_nodistance,rf,0.37988215659402164,0.5884149249147209,25,-0.20853276832069934,-0.24110360087371316,-0.1759619357676855,-13.213984625320114,1.6578557909158863e-12,0.0,5.960464477539063e-08,False,3.3157115818317726e-12,4.172325134277344e-07,True,True,True,True
freesolv,reg,random,rmse,mat_noattention,rf,0.4576918850427463,0.5884149249147209,25,-0.1307230398719746,-0.1700159954074999,-0.09143008433644928,-6.866347676989623,4.218794536918502e-07,5.0,5.960464477539062e-07,False,4.218794536918502e-07,5.960464477539062e-07,True,True,True,True
freesolv,reg,random,rmse,hybrid,rf,0.37864606608688883,0.5884149249147209,25,-0.20976885882783214,-0.23462140515052218,-0.1849163125051421,-17.42041400457401,4.0085867778730225e-15,0.0,5.960464477539063e-08,False,2.4051520667238136e-14,4.172325134277344e-07,True,True,True,True
freesolv,reg,random,mae,svm,rf,0.2968502365785138,0.3941559241508743,25,-0.09730568757236054,-0.10451135223777813,-0.09010002290694294,-27.870998435809337,8.584188250926251e-20,0.0,5.960464477539063e-08,False,6.008931775648376e-19,4.172325134277344e-07,True,True,True,True
freesolv,reg,random,mae,gcn,rf,0.2321187541662642,0.3941559241508743,25,-0.16203716998461012,-0.17600003408271023,-0.14807430588651002,-23.951266710890394,2.8878341847824704e-18,0.0,5.960464477539063e-08,False,1.6815497527456684e-17,4.172325134277344e-07,True,True,True,True
freesolv,reg,random,mae,mat,rf,0.2641047468079811,0.3941559241508743,25,-0.13005117734289326,-0.14546109698564533,-0.11464125770014118,-17.41815947640411,4.020177413796369e-15,0.0,5.960464477539063e-08,False,1.6080709655185476e-14,4.172325134277344e-07,True,True,True,True
freesolv,reg,random,mae,mat_nograph,rf,0.2645525202331317,0.3941559241508743,25,-0.12960340391774267,-0.1486873285404612,-0.1105194792950241,-14.01641875117719,4.708667327450958e-13,0.0,5.960464477539063e-08,False,1.4126001982352873e-12,4.172325134277344e-07,True,True,True,True
freesolv,reg,random,mae,mat_nodistance,rf,0.27130555607958484,0.3941559241508743,25,-0.1228503680712895,-0.14381394716695634,-0.10188678897562267,-12.094819152814235,1.0617619284079111e-11,1.0,1.1920928955078125e-07,False,2.1235238568158222e-11,4.172325134277344e-07,True,True,True,True
freesolv,reg,random,mae,mat_noattention,rf,0.3365992790761243,0.3941559241508743,25,-0.057556645074750064,-0.077953691781777,-0.03715959836772313,-5.823935135716819,5.261362008908438e-06,24.0,4.5418739318847656e-05,False,5.261362008908438e-06,4.5418739318847656e-05,True,True,True,True
freesolv,reg,random,mae,hybrid,rf,0.2561773607834319,0.3941559241508743,25,-0.13797856336744244,-0.14985284887885478,-0.1261042778560301,-23.982391041201574,2.8025829212427806e-18,0.0,5.960464477539063e-08,False,1.6815497527456684e-17,4.172325134277344e-07,True,True,True,True
freesolv,reg,random,r2,svm,rf,0.7734227463924715,0.6463604319081564,25,0.1270623144843151,0.11324324111727906,0.14088138785135115,18.976940141794174,5.8760960510430375e-16,0.0,5.960464477539063e-08,False,4.113267235730126e-15,4.172325134277344e-07,True,True,True,True
freesolv,reg,random,r2,gcn,rf,0.8810651426711886,0.6463604319081564,25,0.23470471076303226,0.20326215399149514,0.2661472675345694,15.40608540427744,6.059960373483626e-14,0.0,5.960464477539063e-08,False,2.42398414939345e-13,4.172325134277344e-07,True,True,True,True
freesolv,reg,random,r2,mat,rf,0.8585074805920762,0.6463604319081564,25,0.21214704868391973,0.18614581675162872,0.23814828061621074,16.839586284702317,8.525684500204526e-15,0.0,5.960464477539063e-08,False,5.115410700122716e-14,4.172325134277344e-07,True,True,True,True
freesolv,reg,random,r2,mat_nograph,rf,0.8522819693242346,0.6463604319081564,25,0.20592153741607822,0.17602329702921415,0.23581977780294228,14.214922329275291,3.4791813018657347e-13,0.0,5.960464477539063e-08,False,1.0437543905597205e-12,4.172325134277344e-07,True,True,True,True
freesolv,reg,random,r2,mat_nodistance,rf,0.8494052765593005,0.6463604319081564,25,0.203044844651144,0.1730381118333115,0.2330515774689765,13.965664484886483,5.090225157912991e-13,0.0,5.960464477539063e-08,False,1.0437543905597205e-12,4.172325134277344e-07,True,True,True,True
freesolv,reg,random,r2,mat_noattention,rf,0.7793317394398878,0.6463604319081564,25,0.1329713075317314,0.0907338776348208,0.175208737428642,6.4975376348031775,1.0158126589582743e-06,12.0,4.172325134277344e-06,False,1.0158126589582743e-06,4.172325134277344e-06,True,True,True,True
freesolv,reg,random,r2,hybrid,rf,0.8532541182346789,0.6463604319081564,25,0.20689368632652255,0.1800596298091232,0.2337277428439219,15.912897155238344,2.978787800969207e-14,0.0,5.960464477539063e-08,False,1.4893939004846033e-13,4.172325134277344e-07,True,True,True,True
estrogen-beta,clf,scaffold,roc_auc,svm,rf,0.8973938937855719,0.8981542747632949,25,-0.0007603809777229742,-0.005485201243638881,0.003964439288192932,-0.33215003278173066,0.7426594415539948,153.0,0.8119303584098816,True,0.7426594415539948,0.8119303584098816,False,False,False,False
estrogen-beta,clf,scaffold,roc_auc,gcn,rf,0.882584617570941,0.8981542747632949,25,-0.015569657192353885,-0.023486178998546166,-0.007653135386161606,-4.05913024318398,0.00045372959842766944,23.0,3.814697265625e-05,True,0.0013611887952830084,0.00011444091796875,True,True,True,True
estrogen-beta,clf,scaffold,roc_auc,mat,rf,0.8521335868986831,0.8981542747632949,25,-0.04602068786461164,-0.05657178536195884,-0.035469590367264436,-9.002099687997841,3.6745526325130597e-09,0.0,5.960464477539063e-08,True,1.7511000112225705e-08,4.172325134277344e-07,True,True,True,True
estrogen-beta,clf,scaffold,roc_auc,mat_nograph,rf,0.845431691956035,0.8981542747632949,25,-0.052722582807259714,-0.06336692739245746,-0.04207823822206197,-10.222711407946779,3.1914238366442123e-10,0.0,5.960464477539063e-08,True,1.914854301986527e-09,4.172325134277344e-07,True,True,True,True
estrogen-beta,clf,scaffold,roc_auc,mat_nodistance,rf,0.858320013731049,0.8981542747632949,25,-0.03983426103224584,-0.0489436153531158,-0.030724906711375878,-9.025214208608771,3.502200022445141e-09,1.0,1.1920928955078125e-07,True,1.7511000112225705e-08,5.960464477539062e-07,True,True,True,True
estrogen-beta,clf,scaffold,roc_auc,hybrid,rf,0.8886666472221829,0.8981542747632949,25,-0.009487627541112044,-0.015504289492459227,-0.0034709655897648614,-3.2545456257483556,0.0033645783644150823,61.0,0.0050716400146484375,True,0.006729156728830165,0.010143280029296875,True,True,True,True
estrogen-beta,clf,scaffold,roc_auc,mat_noattention,rf,0.83330347519413,0.8981542747632949,25,-0.06485079956916491,-0.07714213962202784,-0.05255945951630197,-10.88941249494198,9.07549153206915e-11,1.0,1.1920928955078125e-07,True,6.352844072448405e-10,5.960464477539062e-07,True,True,True,True
estrogen-beta,clf,scaffold,pr_auc,svm,rf,0.9220279654683917,0.9230123070931516,25,-0.0009843416247600656,-0.005094824896080849,0.003126141646560718,-0.49424389527806034,0.6256275428485079,155.0,0.8531995415687561,True,0.6256275428485079,0.8531995415687561,False,False,False,False
estrogen-beta,clf,scaffold,pr_auc,gcn,rf,0.9034807786237511,0.9230123070931516,25,-0.01953152846940065,-0.030537847252750987,-0.008525209686050313,-3.6625409737697954,0.0012301749027318512,32.0,0.00016230344772338867,True,0.0036905247081955536,0.000486910343170166,True,True,True,True
estrogen-beta,clf,scaffold,pr_auc,mat,rf,0.8751069633551214,0.9230123070931516,25,-0.04790534373803015,-0.06438811307117867,-0.03142257440488162,-5.99849260987807,3.419961598998727e-06,0.0,5.960464477539063e-08,True,1.3679846395994908e-05,4.172325134277344e-07,True,True,True,True
estrogen-beta,clf,scaffold,pr_auc,mat_nograph,rf,0.872760141327323,0.9230123070931516,25,-0.05025216576582849,-0.06461933264760439,-0.035884998884052596,-7.2189161228679355,1.8501721875722685e-07,0.0,5.960464477539063e-08,True,1.1101033125433612e-06,4.172325134277344e-07,True,True,True,True
estrogen-beta,clf,scaffold,pr_auc,mat_nodistance,rf,0.8871610515961298,0.9230123070931516,25,-0.035851255497021874,-0.04754235466283232,-0.02416015633121143,-6.329033190416255,1.525786654034652e-06,1.0,1.1920928955078125e-07,True,7.62893327017326e-06,4.76837158203125e-07,True,True,True,True
estrogen-beta,clf,scaffold,pr_auc,hybrid,rf,0.9158423135393845,0.9230123070931516,25,-0.007169993553767204,-0.012253682606569307,-0.0020863045009651008,-2.9109056885266527,0.007661140167480662,70.0,0.011453330516815186,True,0.015322280334961323,0.02290666103363037,True,True,True,True
estrogen-beta,clf,scaffold,pr_auc,mat_noattention,rf,0.8422248808965894,0.9230123070931516,25,-0.08078742619656219,-0.09635602632469406,-0.06521882606843032,-10.709829487072966,1.2668812200387926e-10,0.0,5.960464477539063e-08,True,8.868168540271548e-10,4.172325134277344e-07,True,True,True,True
estrogen-beta,clf,scaffold,f1,svm,rf,0.8505831018008366,0.854198291405272,25,-0.0036151896044354405,-0.009905873904792369,0.0026754946959214876,-1.1861006320383183,0.24719257997719168,133.0,0.4418373703956604,True,0.24719257997719168,0.4418373703956604,False,False,False,False
estrogen-beta,clf,scaffold,f1,gcn,rf,0.8386578344138137,0.854198291405272,25,-0.01554045699145854,-0.02522870905738898,-0.005852204925528098,-3.3105999527514434,0.00293495828112472,44.0,0.0024571298322233486,True,0.01173983312449888,0.007371389496670046,True,True,True,True
estrogen-beta,clf,scaffold,f1,mat,rf,0.8027330002042473,0.854198291405272,25,-0.05146529120102488,-0.08143828591729556,-0.0214922964847542,-3.5438280855500226,0.0016528419780115326,11.0,3.2782554626464844e-06,True,0.008264209890057663,1.9669532775878906e-05,True,True,True,True
estrogen-beta,clf,scaffold,f1,mat_nograph,rf,0.7934469240454066,0.854198291405272,25,-0.060751367359865416,-0.08905745900528123,-0.032445275714449606,-4.429599864284614,0.00017715851866976774,3.0,2.980232238769531e-07,True,0.0010629511120186065,2.086162567138672e-06,True,True,True,True
estrogen-beta,clf,scaffold,f1,mat_nodistance,rf,0.8078117901594305,0.854198291405272,25,-0.04638650124584148,-0.07701262193753684,-0.015760380554146122,-3.1259928139122386,0.004591661107256253,13.0,5.245208740234375e-06,True,0.013774983321768759,2.6226043701171875e-05,True,True,True,True
estrogen-beta,clf,scaffold,f1,hybrid,rf,0.8432002131940809,0.854198291405272,25,-0.010998078211191248,-0.024403680050512466,0.002407523628129968,-1.693241233986958,0.1033518651868074,113.0,0.19081425666809082,True,0.2067037303736148,0.38162851333618164,False,False,False,False
estrogen-beta,clf,scaffold,f1,mat_noattention,rf,0.8180369054221889,0.854198291405272,25,-0.03616138598308315,-0.05235096681836383,-0.019971805147802467,-4.609966945797521,0.00011196179645789201,30.0,0.00012022256851196289,True,0.0007837325752052441,0.00048089027404785156,True,True,True,True
freesolv,reg,scaffold,rmse,svm,rf,0.5767086858712471,0.6479471101082875,25,-0.07123842423704038,-0.0939421914872077,-0.048534656986873065,-6.475968489960219,1.0699172629827838e-06,16.0,1.0073184967041016e-05,False,2.1398345259655676e-06,1.0073184967041016e-05,True,True,True,True
freesolv,reg,scaffold,rmse,gcn,rf,0.4262245107989089,0.6479471101082875,25,-0.2217225993093786,-0.27236571289687367,-0.1710794857218835,-9.036035136434567,3.4243977535230966e-09,0.0,5.960464477539063e-08,False,2.054638652113858e-08,4.172325134277344e-07,True,True,True,True
freesolv,reg,scaffold,rmse,mat,rf,0.4314877542857346,0.6479471101082875,25,-0.21645935582255293,-0.2758855025144436,-0.1570332091306623,-7.517737191498888,9.316357648931936e-08,1.0,1.1920928955078125e-07,False,2.794907294679581e-07,5.960464477539062e-07,True,True,True,True
freesolv,reg,scaffold,rmse,mat_nograph,rf,0.44550186244804046,0.6479471101082875,25,-0.20244524766024705,-0.2562061532711107,-0.1486843420493834,-7.7719385621729655,5.245431756704386e-08,4.0,4.172325134277344e-07,False,2.0981727026817543e-07,1.2516975402832031e-06,True,True,True,True
freesolv,reg,scaffold,rmse,mat_nodistance,rf,0.4240876168094797,0.6479471101082875,25,-0.22385949329880783,-0.27973284858636166,-0.16798613801125398,-8.269116537719468,1.7484057572252717e-08,1.0,1.1920928955078125e-07,False,8.742028786126358e-08,5.960464477539062e-07,True,True,True,True
freesolv,reg,scaffold,rmse,hybrid,rf,0.4374831715181513,0.6479471101082875,25,-0.21046393859013612,-0.2545953973559235,-0.16633247982434873,-9.842779556326315,6.692505559225873e-10,0.0,5.960464477539063e-08,False,4.6847538914581115e-09,4.172325134277344e-07,True,True,True,True
freesolv,reg,scaffold,rmse,mat_noattention,rf,0.4768650815335898,0.6479471101082875,25,-0.1710820285746977,-0.2283081274300175,-0.11385592971937793,-6.170190870225613,2.245475256046276e-06,12.0,4.172325134277344e-06,False,2.245475256046276e-06,8.344650268554688e-06,True,True,True,True
freesolv,reg,scaffold,mae,svm,rf,0.36455902956362024,0.41644254420338755,25,-0.05188351463976736,-0.06881747513896092,-0.03494955414057382,-6.323524331022376,1.5462994247558966e-06,10.0,2.562999725341797e-06,False,3.092598849511793e-06,5.125999450683594e-06,True,True,True,True
freesolv,reg,scaffold,mae,gcn,rf,0.2901137240002283,0.41644254420338755,25,-0.12632882020315933,-0.1516825584410297,-0.10097508196528895,-10.283685500863074,2.838469932329578e-10,0.0,5.960464477539063e-08,False,1.7030819593977469e-09,4.172325134277344e-07,True,True,True,True
freesolv,reg,scaffold,mae,mat,rf,0.29396559825113694,0.41644254420338755,25,-0.12247694595225067,-0.1534960435238837,-0.09145784838061763,-8.149173005426508,2.27217963618268e-08,4.0,4.172325134277344e-07,False,7.036747821097661e-08,1.2516975402832031e-06,True,True,True,True
freesolv,reg,scaffold,mae,mat_nograph,rf,0.30101253003582973,0.41644254420338755,25,-0.11543001416755784,-0.14425017002498783,-0.08660985831012787,-8.266292569257784,1.7591869552744152e-08,3.0,2.980232238769531e-07,False,7.036747821097661e-08,1.1920928955078125e-06,True,True,True,True
freesolv,reg,scaffold,mae,mat_nodistance,rf,0.2889446493894375,0.41644254420338755,25,-0.1274978948139501,-0.15669539754518372,-0.09830039208271649,-9.012507820938367,3.5958882344385125e-09,2.0,1.7881393432617188e-07,False,1.7979441172192564e-08,8.940696716308594e-07,True,True,True,True
freesolv,reg,scaffold,mae,hybrid,rf,0.28170623513411946,0.41644254420338755,25,-0.13473630906926817,-0.15699586900134027,-0.11247674913719606,-12.492703150274934,5.409355526819985e-12,0.0,5.960464477539063e-08,False,3.7865488687739895e-11,4.172325134277344e-07,True,True,True,True
freesolv,reg,scaffold,mae,mat_noattention,rf,0.35149987958579226,0.41644254420338755,25,-0.06494266461759537,-0.09567438840873894,-0.034210940826451805,-4.361456357068164,0.00021068041096679207,35.0,0.0002498030662536621,False,0.00021068041096679207,0.0002498030662536621,True,True,True,True
freesolv,reg,scaffold,r2,svm,rf,0.6560979222417292,0.5654357720888519,25,0.0906621501528775,0.06358856499501588,0.11773573531073912,6.911440808580622,3.7933558961537213e-07,11.0,3.2782554626464844e-06,False,7.586711792307443e-07,6.556510925292969e-06,True,True,True,True
freesolv,reg,scaffold,r2,gcn,rf,0.8069899214949839,0.5654357720888519,25,0.24155414940613212,0.19062004198063678,0.29248825683162744,9.788004280704202,7.457509058607083e-10,0.0,5.960464477539063e-08,False,4.47450543516425e-09,4.172325134277344e-07,True,True,True,True
freesolv,reg,scaffold,r2,mat,rf,0.7930875708862081,0.5654357720888519,25,0.22765179879735642,0.1696975522414938,0.28560604535321904,8.107261296840473,2.4911740078847757e-08,1.0,1.1920928955078125e-07,False,9.964696031539103e-08,5.960464477539062e-07,True,True,True,True
freesolv,reg,scaffold,r2,mat_nograph,rf,0.7812119395480168,0.5654357720888519,25,0.21577616745916509,0.1602996363046825,0.27125269861364765,8.027540878726942,2.9695823788364044e-08,6.0,8.344650268554688e-07,False,9.964696031539103e-08,2.5033950805664062e-06,True,True,True,True
freesolv,reg,scaffold,r2,mat_nodistance,rf,0.8026510513214977,0.5654357720888519,25,0.23721527923264607,0.184061612233484,0.29036894623180814,9.21080898543021,2.387337412847012e-09,1.0,1.1920928955078125e-07,False,1.193668706423506e-08,5.960464477539062e-07,True,True,True,True
freesolv,reg,scaffold,r2,hybrid,rf,0.7961799119328425,0.5654357720888519,25,0.23074413984399084,0.18499381237693965,0.276494467311042,10.409379007638451,2.23239599310588e-10,0.0,5.960464477539063e-08,False,1.562677195174116e-09,4.172325134277344e-07,True,True,True,True
freesolv,reg,scaffold,r2,mat_noattention,rf,0.7564847184220587,0.5654357720888519,25,0.19104894633320688,0.1291020971628138,0.25299579550359996,6.365225202222378,1.3977429408563233e-06,14.0,6.556510925292969e-06,False,1.3977429408563233e-06,6.556510925292969e-06,True,True,True,True
metstab-high,clf,random,roc_auc,svm,rf,0.903791034365415,0.9015530053346081,25,0.0022380290308070005,-0.0016379413699913617,0.006113999431605363,1.1917183104940374,0.24502333845109206,119.0,0.25210392475128174,False,0.4900466769021841,0.5042078495025635,False,False,False,False
metstab-high,clf,random,roc_auc,gcn,rf,0.8475893315040162,0.9015530053346081,25,-0.05396367383059193,-0.06964054897066514,-0.03828679869051872,-7.104448291128139,2.413700909912966e-07,3.0,2.980232238769531e-07,True,7.241102729738898e-07,8.940696716308594e-07,True,True,True,True
metstab-high,clf,random,roc_auc,mat,rf,0.7909919789124384,0.9015530053346081,25,-0.11056102642216956,-0.1368808382813888,-0.0842412145629503,-8.669771069237505,7.388050880188594e-09,0.0,5.960464477539063e-08,True,2.9552203520754374e-08,4.172325134277344e-07,True,True,True,True
metstab-high,clf,random,roc_auc,mat_nograph,rf,0.777501905988823,0.9015530053346081,25,-0.12405109934578502,-0.14669350603416956,-0.10140869265740049,-11.307494341557002,4.234625181238842e-11,0.0,5.960464477539063e-08,True,2.833787556253158e-10,4.172325134277344e-07,True,True,True,True
metstab-high,clf,random,roc_auc,mat_noattention,rf,0.7335122542342721,0.9015530053346081,25,-0.16804075110033603,-0.1986446301179106,-0.13743687208276148,-11.332519785864788,4.048267937504511e-11,0.0,5.960464477539063e-08,True,2.833787556253158e-10,4.172325134277344e-07,True,True,True,True
metstab-high,clf,random,roc_auc,mat_nodistance,rf,0.7887933342755997,0.9015530053346081,25,-0.11275967105900836,-0.13356474586414427,-0.09195459625387245,-11.185949826572411,5.274439341125818e-11,0.0,5.960464477539063e-08,True,2.833787556253158e-10,4.172325134277344e-07,True,True,True,True
metstab-high,clf,random,roc_auc,hybrid,rf,0.8982666413395067,0.9015530053346081,25,-0.003286363995101413,-0.010118903113013878,0.0035461751228110525,-0.9927088312885116,0.33075573270153236,131.0,0.4107651710510254,True,0.4900466769021841,0.5042078495025635,False,False,False,False
metstab-high,clf,random,pr_auc,svm,rf,0.5673313192484971,0.5994334125169613,25,-0.032102093268464166,-0.04924108076999742,-0.014963105766930915,-3.865774691539074,0.0007391638469295877,36.0,0.00028705596923828125,True,0.0014783276938591754,0.0005741119384765625,True,True,True,True
metstab-high,clf,random,pr_auc,gcn,rf,0.48649917222648237,0.5994334125169613,25,-0.11293424029047897,-0.1446752387492315,-0.08119324183172645,-7.343335982230267,1.3884628699764115e-07,7.0,1.1324882507324219e-06,True,4.1653886099292346e-07,3.3974647521972656e-06,True,True,True,True
metstab-high,clf,random,pr_auc,mat,rf,0.4118741837327057,0.5994334125169613,25,-0.18755922878425563,-0.2303138439217166,-0.14480461364679464,-9.054068695585377,3.298670026203572e-09,0.0,5.960464477539063e-08,True,1.3194680104814288e-08,4.172325134277344e-07,True,True,True,True
metstab-high,clf,random,pr_auc,mat_nograph,rf,0.3871699536955188,0.5994334125169613,25,-0.2122634588214424,-0.2507011151529768,-0.17382580248990803,-11.397423494531669,3.603442205346122e-11,0.0,5.960464477539063e-08,True,2.1620653232076734e-10,4.172325134277344e-07,True,True,True,True
metstab-high,clf,random,pr_auc,mat_noattention,rf,0.3282531133532817,0.5994334125169613,25,-0.27118029916367953,-0.31211327480541556,-0.23024732352194346,-13.67329446762979,8.008954092641544e-13,0.0,5.960464477539063e-08,True,5.606267864849081e-12,4.172325134277344e-07,True,True,True,True
metstab-high,clf,random,pr_auc,mat_nodistance,rf,0.4144779586754331,0.5994334125169613,25,-0.18495545384152826,-0.22464052213494973,-0.14527038554810678,-9.618965307716671,1.0439565373594077e-09,0.0,5.960464477539063e-08,True,5.2197826867970385e-09,4.172325134277344e-07,True,True,True,True
metstab-high,clf,random,pr_auc,hybrid,rf,0.5775318384804926,0.5994334125169613,25,-0.02190157403646869,-0.0377894381135596,-0.006013709959377781,-2.8451040952972444,0.008939035086395411,57.0,0.003419220447540283,True,0.008939035086395411,0.003419220447540283,True,True,True,True
metstab-high,clf,random,f1,svm,rf,0.5926533951907543,0.5041952854321677,25,0.08845810975858653,0.06452014357697142,0.11239607594020165,7.62673671229835,7.274838480637463e-08,3.0,2.980232238769531e-07,False,3.6374192403187315e-07,1.7881393432617188e-06,True,True,True,True
metstab-high,clf,random,f1,gcn,rf,0.4059905448925976,0.5041952854321677,25,-0.09820474053957012,-0.1638190605758043,-0.03259042050333592,-3.0890303005920536,0.00501780946867581,58.0,0.0037809014320373535,True,0.01003561893735162,0.007561802864074707,True,True,True,True
metstab-high,clf,random,f1,mat,rf,0.30775875086741555,0.5041952854321677,25,-0.19643653456475224,-0.26387035091703215,-0.1290027182124723,-6.012192443942522,3.3066944131469217e-06,11.0,3.2782554626464844e-06,True,1.3226777652587687e-05,1.3113021850585938e-05,True,True,True,True
metstab-high,clf,random,f1,mat_nograph,rf,0.24710710621118806,0.5041952854321677,25,-0.2570881792209797,-0.3209378982089268,-0.1932384602330326,-8.310199821018923,1.599021902955242e-08,1.0,1.1920928955078125e-07,True,9.594131417731451e-08,8.344650268554688e-07,True,True,True,True
metstab-high,clf,random,f1,mat_noattention,rf,0.1065771372815978,0.5041952854321677,25,-0.39761814815056995,-0.4548094522068964,-0.3404268440942435,-14.349096205900901,2.841000251809059e-13,0.0,1.2279185361336645e-05,True,1.9887001762663415e-12,3.6837556084009935e-05,True,True,True,True
metstab-high,clf,random,f1,mat_nodistance,rf,0.3187343233872792,0.5041952854321677,25,-0.18546096204488863,-0.24925305525727998,-0.12166886883249727,-6.000314357583152,3.4046752547481935e-06,4.0,4.172325134277344e-07,True,1.3226777652587687e-05,2.086162567138672e-06,True,True,True,True
metstab-high,clf,random,f1,hybrid,rf,0.4619579118676957,0.5041952854321677,25,-0.04223737356447206,-0.08460666886745863,0.00013192173851450661,-2.057472372935938,0.050662170679932034,92.0,0.05875152349472046,True,0.050662170679932034,0.05875152349472046,False,False,False,False
metstab-low,clf,random,roc_auc,svm,rf,0.8743698236444044,0.8732226369558964,25,0.0011471866885079062,-0.004782516819350024,0.007076890196365836,0.39929095159524913,0.6932098208902099,151.0,0.7711594104766846,False,0.6932098208902099,0.7711594104766846,False,False,False,False
metstab-low,clf,random,roc_auc,gcn,rf,0.8471442877209654,0.8732226369558964,25,-0.02607834923493101,-0.029695461939741128,-0.02246123653012089,-14.880118997683473,1.292778742794605e-13,0.0,5.960464477539063e-08,True,9.049451199562235e-13,4.172325134277344e-07,True,True,True,True
metstab-low,clf,random,roc_auc,mat,rf,0.7647341588409132,0.8732226369558964,25,-0.10848847811498334,-0.13802536221704592,-0.07895159401292076,-7.580664675428355,8.075063290645236e-08,0.0,5.960464477539063e-08,True,3.230025316258094e-07,4.172325134277344e-07,True,True,True,True
metstab-low,clf,random,roc_auc,mat_nograph,rf,0.7545945769924933,0.8732226369558964,25,-0.11862805996340338,-0.14426900212791105,-0.09298711779889571,-9.548646097181813,1.2020292077197977e-09,0.0,5.960464477539063e-08,True,6.010146038598989e-09,4.172325134277344e-07,True,True,True,True
metstab-low,clf,random,roc_auc,mat_nodistance,rf,0.7714532195004022,0.8732226369558964,25,-0.1017694174554943,-0.13126606908805208,-0.07227276582293651,-7.1208677147706,2.3231394090277443e-07,0.0,5.960464477539063e-08,True,6.969418227083233e-07,4.172325134277344e-07,True,True,True,True
metstab-low,clf,random,roc_auc,mat_noattention,rf,0.6445878167293977,0.8732226369558964,25,-0.22863482022649875,-0.26232109745196747,-0.19494854300103004,-14.008050620885612,4.769474650829975e-13,0.0,5.960464477539063e-08,True,2.861684790497985e-12,4.172325134277344e-07,True,True,True,True
metstab-low,clf,random,roc_auc,hybrid,rf,0.8634944698703281,0.8732226369558964,25,-0.0097281670855685,-0.014108291076383263,-0.005348043094753736,-4.58387709966336,0.00011964582077782034,35.0,0.0002498030662536621,True,0.00023929164155564068,0.0004996061325073242,True,True,True,True
metstab-low,clf,random,pr_auc,svm,rf,0.8844254400001172,0.8836722456154611,25,0.0007531943846561173,-0.007334367940117224,0.008840756709429458,0.19221079785145634,0.8491941908441294,157.0,0.8948604464530945,False,0.8491941908441294,0.8948604464530945,False,False,False,False
metstab-low,clf,random,pr_auc,gcn,rf,0.8597989923914181,0.8836722456154611,25,-0.02387325322404298,-0.02936454674099647,-0.018381959707089487,-8.972744370404612,3.906111890975894e-09,2.0,1.7881393432617188e-07,True,1.953055945487947e-08,5.364418029785156e-07,True,True,True,True
metstab-low,clf,random,pr_auc,mat,rf,0.7855379332826341,0.8836722456154611,25,-0.09813431233282699,-0.1252053194265749,-0.0710633052390791,-7.481778028008917,1.0111932728577449e-07,0.0,5.960464477539063e-08,True,4.0447730914309797e-07,4.172325134277344e-07,True,True,True,True
metstab-low,clf,random,pr_auc,mat_nograph,rf,0.7789614366856772,0.8836722456154611,25,-0.10471080892978396,-0.12795225437472074,-0.08146936348484718,-9.298582071803471,1.9947104999259105e-09,0.0,5.960464477539063e-08,True,1.1968262999555463e-08,4.172325134277344e-07,True,True,True,True
metstab-low,clf,random,pr_auc,mat_nodistance,rf,0.7932140631859902,0.8836722456154611,25,-0.09045818242947096,-0.11663313311114903,-0.06428323174779288,-7.132640472723179,2.260353630405051e-07,0.0,5.960464477539063e-08,True,6.781060891215153e-07,4.172325134277344e-07,True,True,True,True
metstab-low,clf,random,pr_auc,mat_noattention,rf,0.6825315498822618,0.8836722456154611,25,-0.20114069573319918,-0.23269434912331727,-0.16958704234308108,-13.156447764575486,1.8185415917031646e-12,0.0,5.960464477539063e-08,True,1.2729791141922151e-11,4.172325134277344e-07,True,True,True,True
metstab-low,clf,random,pr_auc,hybrid,rf,0.8744349236493184,0.8836722456154611,25,-0.009237321966142811,-0.01542654811649793,-0.0030480958157876933,-3.0803359024331636,0.0051234353413920596,59.0,0.0041751861572265625,True,0.010246870682784119,0.008350372314453125,True,True,True,True
metstab-low,clf,random,f1,svm,rf,0.8250537332875603,0.8247758957959046,25,0.0002778374916557258,-0.0060993880320092345,0.006655063015320687,0.08991816225828612,0.9290984586727598,160.0,0.9578450322151184,False,0.9290984586727598,0.9578450322151184,False,False,False,False
metstab-low,clf,random,f1,gcn,rf,0.7769801979508304,0.8247758957959046,25,-0.04779569784507395,-0.06893805844396053,-0.026653337246187375,-4.665773794419654,9.714368041898042e-05,0.0,5.960464477539063e-08,True,0.00029143104125694126,4.172325134277344e-07,True,True,True,True
metstab-low,clf,random,f1,mat,rf,0.7283610502632016,0.8247758957959046,25,-0.09641484553270274,-0.11299773173617024,-0.07983195932923524,-11.999748329269961,1.2504119330737394e-11,0.0,5.960464477539063e-08,True,7.502471598442437e-11,4.172325134277344e-07,True,True,True,True
metstab-low,clf,random,f1,mat_nograph,rf,0.727640584438413,0.8247758957959046,25,-0.09713531135749143,-0.11145806520332113,-0.08281255751166172,-13.997128733200192,4.850066050704559e-13,0.0,5.960464477539063e-08,True,3.3950462354931916e-12,4.172325134277344e-07,True,True,True,True
metstab-low,clf,random,f1,mat_nodistance,rf,0.7321194498703433,0.8247758957959046,25,-0.09265644592556127,-0.11287871661996718,-0.07243417523115536,-9.456579251717333,1.447094606125682e-09,0.0,5.960464477539063e-08,True,7.23547303062841e-09,4.172325134277344e-07,True,True,True,True
metstab-low,clf,random,f1,mat_noattention,rf,0.6846496056154884,0.8247758957959046,25,-0.14012629018041609,-0.17433994484710783,-0.10591263551372435,-8.452953990652874,1.1744500150810808e-08,0.0,5.960464477539063e-08,True,4.697800060324323e-08,4.172325134277344e-07,True,True,True,True
metstab-low,clf,random,f1,hybrid,rf,0.8159771832570288,0.8247758957959046,25,-0.008798712538875687,-0.013564144589616717,-0.004033280488134659,-3.810703827020285,0.0008489184752208913,48.0,0.0012963414192199707,True,0.0016978369504417827,0.0025926828384399414,True,True,True,True
metstab-high,clf,scaffold,roc_auc,svm,rf,0.8612519534282095,0.870097278202918,25,-0.008845324774708651,-0.01554472916968978,-0.002145920379727523,-2.7249964330157894,0.011808947419592876,72.0,0.013554692268371582,True,0.011808947419592876,0.013554692268371582,True,True,True,True
metstab-high,clf,scaffold,roc_auc,gcn,rf,0.7740130719588413,0.870097278202918,25,-0.09608420624407671,-0.1150659618976179,-0.07710245059053551,-10.447297851783489,2.0771304740491732e-10,0.0,5.960464477539063e-08,True,1.246278284429504e-09,4.172325134277344e-07,True,True,True,True
metstab-high,clf,scaffold,roc_auc,mat,rf,0.751463304548002,0.870097278202918,25,-0.11863397365491575,-0.14782741321549187,-0.08944053409433964,-8.387106530511375,1.3536518125762993e-08,0.0,5.960464477539063e-08,True,4.0609554377288977e-08,4.172325134277344e-07,True,True,True,True
metstab-high,clf,scaffold,roc_auc,mat_nograph,rf,0.7355850412340064,0.870097278202918,25,-0.13451223696891165,-0.16205014118100194,-0.10697433275682137,-10.081363137272362,4.195019472867955e-10,0.0,5.960464477539063e-08,True,2.0975097364339774e-09,4.172325134277344e-07,True,True,True,True
metstab-high,clf,scaffold,roc_auc,mat_nodistance,rf,0.7516647373427419,0.870097278202918,25,-0.11843254086017611,-0.14501506412646897,-0.09185001759388325,-9.19524261420339,2.4648927765499642e-09,0.0,5.960464477539063e-08,True,9.859571106199857e-09,4.172325134277344e-07,True,True,True,True
metstab-high,clf,scaffold,roc_auc,hybrid,rf,0.850868264574296,0.870097278202918,25,-0.019229013628622192,-0.02847397586210637,-0.009984051395138013,-4.292795640191824,0.00025085076235623234,27.0,7.49826431274414e-05,True,0.0005017015247124647,0.0001499652862548828,True,True,True,True
metstab-high,clf,scaffold,roc_auc,mat_noattention,rf,0.6963569186962559,0.870097278202918,25,-0.17374035950666197,-0.20727442693608064,-0.1402062920772433,-10.693080367816002,1.307163948627388e-10,0.0,5.960464477539063e-08,True,9.150147640391716e-10,4.172325134277344e-07,True,True,True,True
metstab-high,clf,scaffold,pr_auc,svm,rf,0.4653108402701146,0.49117925568719045,25,-0.025868415417075824,-0.04660638311846779,-0.005130447715683852,-2.574494576308713,0.016634663403591692,85.0,0.036682069301605225,True,0.033269326807183384,0.07336413860321045,True,True,True,False
metstab-high,clf,scaffold,pr_auc,gcn,rf,0.34368017169069753,0.49117925568719045,25,-0.1474990839964928,-0.17910775015082875,-0.11589041784215688,-9.63100264387628,1.0191257067432912e-09,3.0,2.980232238769531e-07,True,5.095628533716456e-09,8.940696716308594e-07,True,True,True,True
metstab-high,clf,scaffold,pr_auc,mat,rf,0.3276098610577084,0.49117925568719045,25,-0.16356939462948197,-0.20389485885533534,-0.1232439304036286,-8.371649149812352,1.3996535623044268e-08,0.0,5.960464477539063e-08,True,5.598614249217707e-08,4.172325134277344e-07,True,True,True,True
metstab-high,clf,scaffold,pr_auc,mat_nograph,rf,0.30488813794576886,0.49117925568719045,25,-0.18629111774142149,-0.22296323858916586,-0.1496189968936771,-10.484421436843213,1.9359093924474734e-10,0.0,5.960464477539063e-08,True,1.1615456354684842e-09,4.172325134277344e-07,True,True,True,True
metstab-high,clf,scaffold,pr_auc,mat_nodistance,rf,0.332457580499633,0.49117925568719045,25,-0.1587216751875574,-0.20000510312840042,-0.11743824724671437,-7.9350347938209564,3.644880421788839e-08,1.0,1.1920928955078125e-07,True,1.0934641265366516e-07,4.76837158203125e-07,True,True,True,True
metstab-high,clf,scaffold,pr_auc,hybrid,rf,0.47961894107140224,0.49117925568719045,25,-0.011560314615788112,-0.02531050508097262,0.002189875849396396,-1.7351989972723847,0.09553108639345895,103.0,0.1134914755821228,True,0.09553108639345895,0.1134914755821228,False,False,False,False
metstab-high,clf,scaffold,pr_auc,mat_noattention,rf,0.2746693592024702,0.49117925568719045,25,-0.2165098964847202,-0.2540374877511556,-0.17898230521828476,-11.90735799589437,1.467132811962793e-11,0.0,5.960464477539063e-08,True,1.0269929683739552e-10,4.172325134277344e-07,True,True,True,True
metstab-high,clf,scaffold,f1,svm,rf,0.49557370614937357,0.4436930829937349,25,0.051880623155638655,0.02678638461761157,0.07697486169366574,4.266969222637602,0.0002678610621901897,31.0,0.0001398921012878418,False,0.0002678610621901897,0.0001398921012878418,True,True,True,True
metstab-high,clf,scaffold,f1,gcn,rf,0.2121806690537763,0.4436930829937349,25,-0.23151241393995858,-0.30719418296934353,-0.15583064491057363,-6.313517036635191,1.5842843949546287e-06,16.0,1.0073184967041016e-05,True,4.752853184863887e-06,2.014636993408203e-05,True,True,True,True
metstab-high,clf,scaffold,f1,mat,rf,0.19869216306766854,0.4436930829937349,25,-0.24500091992606632,-0.3097838338840025,-0.18021800596813015,-7.805407557944602,4.866455185395569e-08,0.0,5.960464477539063e-08,True,2.4332275926977845e-07,4.172325134277344e-07,True,True,True,True
metstab-high,clf,scaffold,f1,mat_nograph,rf,0.204560978797098,0.4436930829937349,25,-0.23913210419663686,-0.30317737767403197,-0.17508683071924175,-7.706180005066543,6.08076985418653e-08,1.0,1.1920928955078125e-07,True,2.4332275926977845e-07,5.960464477539062e-07,True,True,True,True
metstab-high,clf,scaffold,f1,mat_nodistance,rf,0.20208573602124175,0.4436930829937349,25,-0.24160734697249311,-0.30346753484441374,-0.17974715910057248,-8.06096898586429,2.7584198886009106e-08,3.0,2.980232238769531e-07,True,1.6550519331605463e-07,1.1920928955078125e-06,True,True,True,True
metstab-high,clf,scaffold,f1,hybrid,rf,0.2975043329714138,0.4436930829937349,25,-0.1461887500223211,-0.1942550154649096,-0.0981224845797326,-6.277141527827803,1.73054990087329e-06,3.0,2.980232238769531e-07,True,4.752853184863887e-06,1.1920928955078125e-06,True,True,True,True
metstab-high,clf,scaffold,f1,mat_noattention,rf,0.03063564842159248,0.4436930829937349,25,-0.4130574345721424,-0.46792685731011113,-0.35818801183417365,-15.53704417767244,5.0347307544203136e-14,0.0,5.960464477539063e-08,True,3.5243115280942197e-13,4.172325134277344e-07,True,True,True,True
metstab-low,clf,scaffold,roc_auc,svm,rf,0.8176893024785378,0.8101017558589547,25,0.007587546619583083,0.002677169922325642,0.012497923316840524,3.189149737369335,0.003942860296906984,60.0,0.004604637622833252,False,0.007885720593813967,0.009209275245666504,True,True,True,True
metstab-low,clf,scaffold,roc_auc,gcn,rf,0.7838997819429665,0.8101017558589547,25,-0.026201973915988268,-0.03934681470056754,-0.013057133131408995,-4.114025963742701,0.00039484688537668014,47.0,0.0011548399925231934,True,0.0011845406561300405,0.00346451997756958,True,True,True,True
metstab-low,clf,scaffold,roc_auc,mat,rf,0.7430106142324682,0.8101017558589547,25,-0.06709114162648654,-0.08039492477932113,-0.05378735847365195,-10.408265762463532,2.2371314596962002e-10,0.0,5.960464477539063e-08,True,8.948525838784801e-10,4.172325134277344e-07,True,True,True,True
metstab-low,clf,scaffold,roc_auc,mat_nograph,rf,0.725972735679413,0.8101017558589547,25,-0.08412902017954167,-0.09678132227531511,-0.07147671808376824,-13.723491774491691,7.405371372982084e-13,0.0,5.960464477539063e-08,True,5.183759961087459e-12,4.172325134277344e-07,True,True,True,True
metstab-low,clf,scaffold,roc_auc,mat_nodistance,rf,0.7451159342111678,0.8101017558589547,25,-0.06498582164778681,-0.07648222728966131,-0.05348941600591232,-11.666615462536278,2.234556257979682e-11,3.0,2.980232238769531e-07,True,1.117278128989841e-10,1.1920928955078125e-06,True,True,True,True
metstab-low,clf,scaffold,roc_auc,hybrid,rf,0.8053188907311538,0.8101017558589547,25,-0.004782865127801053,-0.014448649255202645,0.004882918999600539,-1.021267217187798,0.31731266699537386,134.0,0.457846462726593,True,0.31731266699537386,0.457846462726593,False,False,False,False
metstab-low,clf,scaffold,roc_auc,mat_noattention,rf,0.671996789062787,0.8101017558589547,25,-0.13810496679616754,-0.1602705741339789,-0.11593935945835618,-12.859320206312024,2.9468907421631497e-12,0.0,5.960464477539063e-08,True,1.76813444529789e-11,4.172325134277344e-07,True,True,True,True
metstab-low,clf,scaffold,pr_auc,svm,rf,0.8312057031171186,0.823118431380376,25,0.008087271736742414,0.0004809468333723541,0.015693596640112474,2.194398571846748,0.038124257911620926,93.0,0.0626264214515686,False,0.07624851582324185,0.1252528429031372,True,False,False,False
metstab-low,clf,scaffold,pr_auc,gcn,rf,0.8073127447777272,0.823118431380376,25,-0.015805686602649086,-0.02734432536893227,-0.004267047836365903,-2.827138842414657,0.00932164297443632,69.0,0.010510802268981934,True,0.027964928923308957,0.0315324068069458,True,True,True,True
metstab-low,clf,scaffold,pr_auc,mat,rf,0.7715899734322865,0.823118431380376,25,-0.05152845794808961,-0.06668074213338307,-0.036376173762796137,-7.018711432642807,2.9488197160642467e-07,5.0,5.960464477539062e-07,True,1.1795278864256987e-06,2.9802322387695312e-06,True,True,True,True
metstab-low,clf,scaffold,pr_auc,mat_nograph,rf,0.7544225264714527,0.823118431380376,25,-0.06869590490892358,-0.08180752578200484,-0.05558428403584231,-10.813413589645965,1.0446691217510536e-10,0.0,5.960464477539063e-08,True,6.268014730506322e-10,4.172325134277344e-07,True,True,True,True
metstab-low,clf,scaffold,pr_auc,mat_nodistance,rf,0.7712743169184804,0.823118431380376,25,-0.051844114461895824,-0.06363548018298049,-0.04005274874081116,-9.074520780527743,3.1618196246222424e-09,5.0,5.960464477539062e-07,True,1.580909812311121e-08,2.9802322387695312e-06,True,True,True,True
metstab-low,clf,scaffold,pr_auc,hybrid,rf,0.8188573911229955,0.823118431380376,25,-0.004261040257380686,-0.016374863055948038,0.007852782541186664,-0.7259768451695658,0.47487377523795793,137.0,0.507703959941864,True,0.47487377523795793,0.507703959941864,False,False,False,False
metstab-low,clf,scaffold,pr_auc,mat_noattention,rf,0.7152716983117113,0.823118431380376,25,-0.10784673306866484,-0.12810095968399526,-0.0875925064533344,-10.98954413239476,7.54740185662726e-11,0.0,5.960464477539063e-08,True,5.283181299639082e-10,4.172325134277344e-07,True,True,True,True
metstab-low,clf,scaffold,f1,svm,rf,0.7847849116037823,0.7769193494344089,25,0.007865562169373402,0.0008753571891484029,0.014855767149598402,2.3223528485488,0.029017775438205936,100.0,0.09573346376419067,False,0.029017775438205936,0.09573346376419067,True,False,True,False
metstab-low,clf,scaffold,f1,gcn,rf,0.7241852165782425,0.7769193494344089,25,-0.05273413285616622,-0.07490890006387108,-0.030559365648461352,-4.9081868563078075,5.246711827185536e-05,10.0,2.562999725341797e-06,True,0.00015740135481556608,7.68899917602539e-06,True,True,True,True
metstab-low,clf,scaffold,f1,mat,rf,0.7046071138368966,0.7769193494344089,25,-0.07231223559751233,-0.088116074510363,-0.05650839668466166,-9.4435991065725,1.4855783012914494e-09,1.0,1.1920928955078125e-07,True,8.913469807748696e-09,4.76837158203125e-07,True,True,True,True
metstab-low,clf,scaffold,f1,mat_nograph,rf,0.6972154505331115,0.7769193494344089,25,-0.07970389890129737,-0.09422855296646732,-0.06517924483612741,-11.32562342348689,4.098760398020614e-11,0.0,5.960464477539063e-08,True,2.86913227861443e-10,4.172325134277344e-07,True,True,True,True
metstab-low,clf,scaffold,f1,mat_nodistance,rf,0.7071837372562642,0.7769193494344089,25,-0.06973561217814464,-0.08567989315855706,-0.05379133119773221,-9.026887436663777,3.4900515278452267e-09,0.0,5.960464477539063e-08,True,1.3960206111380907e-08,4.172325134277344e-07,True,True,True,True
metstab-low,clf,scaffold,f1,hybrid,rf,0.7627991604816574,0.7769193494344089,25,-0.014120188952751401,-0.02279989227742034,-0.005440485628082461,-3.3575614948349677,0.00261640128491884,61.0,0.0050716400146484375,True,0.00523280256983768,0.010143280029296875,True,True,True,True
metstab-low,clf,scaffold,f1,mat_noattention,rf,0.6643025760703003,0.7769193494344089,25,-0.11261677336410866,-0.13768964918285417,-0.08754389754536315,-9.270161039428862,2.1139764670018905e-09,0.0,5.960464477539063e-08,True,1.0569882335009452e-08,4.172325134277344e-07,True,True,True,True
